#,Name,Type 1,Type 2,Total,HP,Attack,Defense,Sp. Atk,Sp. Def,Speed,Generation,Legendary
123,Scyther,Bug,Flying,500,63,113,86,56,73,109,1,False
150,MewtwoMega Mewtwo X,Psychic,Fighting,780,97,193,102,157,98,133,1,True
76,Golem,Rock,Ground,495,68,127,137,48,70,45,1,False
13,Weedle,Bug,Poison,195,35,41,23,20,31,45,1,False
145,Zapdos,Electric,Flying,580,90,97,86,117,87,103,1,True
94,Gengar,Ghost,Poison,500,57,67,52,130,71,123,1,False
6,CharizardMega Charizard X,Fire,Dragon,634,71,128,121,130,77,107,1,False
47,Parasect,Bug,Grass,405,69,86,77,58,77,38,1,False
46,Paras,Bug,Grass,285,34,75,50,50,58,18,1,False
84,Doduo,Normal,Flying,310,39,92,37,42,33,67,1,False
70,Weepinbell,Grass,Poison,390,68,82,43,94,45,58,1,False
48,Venonat,Bug,Poison,305,56,60,42,37,62,48,1,False
142,Aerodactyl,Rock,Flying,515,92,98,58,70,74,123,1,False
3,Venusaur,Grass,Poison,525,76,84,87,106,102,70,1,False
12,Butterfree,Bug,Flying,395,57,55,44,84,87,68,1,False
62,Poliwrath,Water,Fighting,510,93,105,93,61,87,71,1,False
71,Victreebel,Grass,Poison,490,81,95,60,102,76,76,1,False
73,Tentacruel,Water,Poison,515,79,70,55,85,124,102,1,False
123,Scyther,Bug,Flying,500,73,114,79,49,71,114,1,False
140,Kabuto,Rock,Water,355,34,74,91,52,44,60,1,False
18,Pidgeot,Normal,Flying,479,87,85,67,69,72,99,1,False
122,Mr. Mime,Psychic,Fairy,460,47,48,72,92,113,88,1,False
43,Oddish,Grass,Poison,320,43,51,63,68,63,32,1,False
140,Kabuto,Rock,Water,355,33,75,85,61,47,54,1,False
2,Ivysaur,Grass,Poison,405,56,71,69,70,85,54,1,False
80,SlowbroMega Slowbro,Water,Psychic,590,97,75,173,135,81,29,1,False
74,Geodude,Rock,Ground,300,38,77,109,33,30,13,1,False
6,CharizardMega Charizard Y,Fire,Flying,634,72,113,79,158,117,95,1,False
48,Venonat,Bug,Poison,305,73,52,45,41,54,40,1,False
103,Exeggutor,Grass,Psychic,520,87,103,83,126,59,62,1,False
103,Exeggutor,Grass,Psychic,520,101,93,80,122,61,63,1,False
80,Slowbro,Water,Psychic,490,86,76,110,98,88,32,1,False
130,Gyarados,Water,Flying,540,94,120,82,58,112,74,1,False
124,Jynx,Ice,Psychic,455,63,59,33,119,91,90,1,False
2,Ivysaur,Grass,Poison,405,60,59,61,81,74,70,1,False
17,Pidgeotto,Normal,Flying,349,67,54,52,47,57,72,1,False
18,PidgeotMega Pidgeot,Normal,Flying,579,75,85,79,131,78,131,1,False
75,Graveler,Rock,Ground,390,63,90,111,44,52,30,1,False
21,Spearow,Normal,Flying,262,33,61,30,33,25,80,1,False
146,Moltres,Fire,Flying,580,89,97,96,130,89,79,1,True
18,Pidgeot,Normal,Flying,479,89,86,79,60,62,103,1,False
15,Beedrill,Bug,Poison,395,71,97,38,43,80,66,1,False
140,Kabuto,Rock,Water,355,23,87,100,55,45,45,1,False
3,VenusaurMega Venusaur,Grass,Poison,625,82,95,119,129,115,85,1,False
6,CharizardMega Charizard Y,Fire,Flying,634,85,97,83,165,105,99,1,False
49,Venomoth,Bug,Poison,450,71,68,51,100,74,86,1,False
1,Bulbasaur,Grass,Poison,318,52,58,52,48,49,59,1,False
46,Paras,Bug,Grass,285,27,76,69,40,47,26,1,False
31,Nidoqueen,Poison,Ground,505,87,98,80,71,90,79,1,False
15,Beedrill,Bug,Poison,395,60,87,38,39,92,79,1,False
130,GyaradosMega Gyarados,Water,Dark,640,99,157,98,60,136,90,1,False
144,Articuno,Ice,Flying,580,85,80,107,105,123,80,1,True
149,Dragonite,Dragon,Flying,600,87,134,95,97,104,83,1,False
142,AerodactylMega Aerodactyl,Rock,Flying,615,82,130,94,66,103,140,1,False
139,Omastar,Rock,Water,495,77,57,125,119,66,51,1,False
141,Kabutops,Rock,Water,495,47,118,106,72,69,83,1,False
80,Slowbro,Water,Psychic,490,109,67,122,94,72,26,1,False
39,Jigglypuff,Normal,Fairy,270,124,37,29,38,17,25,1,False
74,Geodude,Rock,Ground,300,34,77,103,35,37,14,1,False
130,Gyarados,Water,Flying,540,104,115,85,56,108,72,1,False
81,Magnemite,Electric,Steel,325,20,34,62,103,51,55,1,False
142,AerodactylMega Aerodactyl,Rock,Flying,615,80,130,97,68,93,147,1,False
93,Haunter,Ghost,Poison,405,38,57,48,121,50,91,1,False
121,Starmie,Water,Psychic,520,64,67,80,101,87,121,1,False
103,Exeggutor,Grass,Psychic,520,105,106,82,122,55,50,1,False
18,PidgeotMega Pidgeot,Normal,Flying,579,74,90,90,126,75,124,1,False
13,Weedle,Bug,Poison,195,42,25,39,19,17,53,1,False
34,Nidoking,Poison,Ground,505,89,102,75,82,73,84,1,False
13,Weedle,Bug,Poison,195,29,36,35,27,11,57,1,False
121,Starmie,Water,Psychic,520,64,71,89,96,88,112,1,False
3,VenusaurMega Venusaur,Grass,Poison,625,87,104,117,126,118,73,1,False
3,Venusaur,Grass,Poison,525,83,92,84,90,97,79,1,False
45,Vileplume,Grass,Poison,490,70,80,86,117,87,50,1,False
91,Cloyster,Water,Ice,525,44,105,174,77,47,78,1,False
17,Pidgeotto,Normal,Flying,349,62,60,53,52,47,75,1,False
124,Jynx,Ice,Psychic,455,78,54,30,109,92,92,1,False
6,CharizardMega Charizard X,Fire,Dragon,634,79,136,103,133,83,100,1,False
79,Slowpoke,Water,Psychic,315,81,72,72,39,45,6,1,False
124,Jynx,Ice,Psychic,455,53,57,34,115,94,102,1,False
62,Poliwrath,Water,Fighting,510,87,89,103,77,96,58,1,False
85,Dodrio,Normal,Flying,460,65,102,75,63,60,95,1,False
150,MewtwoMega Mewtwo X,Psychic,Fighting,780,107,190,98,158,92,135,1,True
123,Scyther,Bug,Flying,500,62,113,82,56,87,100,1,False
18,Pidgeot,Normal,Flying,479,89,87,71,65,64,103,1,False
131,Lapras,Water,Ice,535,135,88,71,92,95,54,1,False
141,Kabutops,Rock,Water,495,63,111,104,56,77,84,1,False
62,Poliwrath,Water,Fighting,510,98,90,87,74,83,78,1,False
49,Venomoth,Bug,Poison,450,79,65,57,82,68,99,1,False
45,Vileplume,Grass,Poison,490,74,90,77,101,98,50,1,False
34,Nidoking,Poison,Ground,505,78,104,73,87,68,95,1,False
149,Dragonite,Dragon,Flying,600,93,142,99,93,99,74,1,False
21,Spearow,Normal,Flying,262,30,53,36,32,32,79,1,False
112,Rhydon,Ground,Rock,485,102,138,113,41,52,39,1,False
71,Victreebel,Grass,Poison,490,85,111,68,100,60,66,1,False
2,Ivysaur,Grass,Poison,405,54,59,58,78,87,69,1,False
79,Slowpoke,Water,Psychic,315,89,62,67,45,44,8,1,False
121,Starmie,Water,Psychic,520,62,77,93,100,78,110,1,False
87,Dewgong,Water,Ice,475,83,64,90,63,101,74,1,False
6,CharizardMega Charizard Y,Fire,Flying,634,73,102,83,161,111,104,1,False
6,Charizard,Fire,Flying,534,75,84,87,108,86,94,1,False
74,Geodude,Rock,Ground,300,29,75,107,31,36,22,1,False
112,Rhydon,Ground,Rock,485,108,131,118,49,47,32,1,False
144,Articuno,Ice,Flying,580,83,83,95,91,133,95,1,True
47,Parasect,Bug,Grass,405,58,99,89,57,69,33,1,False
69,Bellsprout,Grass,Poison,300,56,69,40,67,25,43,1,False
111,Rhyhorn,Ground,Rock,345,87,87,99,27,26,19,1,False
130,GyaradosMega Gyarados,Water,Dark,640,93,158,108,70,133,78,1,False
123,Scyther,Bug,Flying,500,64,107,79,65,74,111,1,False
76,Golem,Rock,Ground,495,78,113,133,61,60,50,1,False
40,Wigglytuff,Normal,Fairy,435,149,72,46,87,44,37,1,False
49,Venomoth,Bug,Poison,450,67,63,52,86,85,97,1,False
122,Mr. Mime,Psychic,Fairy,460,35,46,54,101,125,99,1,False
111,Rhyhorn,Ground,Rock,345,85,85,105,20,30,20,1,False
6,Charizard,Fire,Flying,534,80,82,82,118,82,90,1,False
76,Golem,Rock,Ground,495,88,118,132,54,53,50,1,False
142,AerodactylMega Aerodactyl,Rock,Flying,615,84,135,84,66,90,156,1,False
13,Weedle,Bug,Poison,195,52,28,36,17,16,46,1,False
62,Poliwrath,Water,Fighting,510,97,90,101,62,100,60,1,False
111,Rhyhorn,Ground,Rock,345,77,76,93,40,37,22,1,False
12,Butterfree,Bug,Flying,395,62,52,53,89,76,63,1,False
3,VenusaurMega Venusaur,Grass,Poison,625,75,100,117,128,129,76,1,False
73,Tentacruel,Water,Poison,515,84,61,60,89,129,92,1,False
72,Tentacool,Water,Poison,335,45,34,30,58,98,70,1,False
131,Lapras,Water,Ice,535,122,95,73,90,91,64,1,False
1,Bulbasaur,Grass,Poison,318,55,45,59,47,55,57,1,False
14,Kakuna,Bug,Poison,205,54,17,49,35,21,29,1,False
6,CharizardMega Charizard X,Fire,Dragon,634,73,135,107,122,90,107,1,False
41,Zubat,Poison,Flying,245,37,50,33,33,43,49,1,False
18,PidgeotMega Pidgeot,Normal,Flying,579,89,75,80,131,81,123,1,False
80,SlowbroMega Slowbro,Water,Psychic,590,99,85,185,126,73,22,1,False
3,Venusaur,Grass,Poison,525,90,82,75,109,93,76,1,False
44,Gloom,Grass,Poison,395,59,75,62,91,75,33,1,False
85,Dodrio,Normal,Flying,460,68,100,72,58,59,103,1,False
130,Gyarados,Water,Flying,540,96,134,79,59,98,74,1,False
140,Kabuto,Rock,Water,355,37,76,81,57,37,67,1,False
112,Rhydon,Ground,Rock,485,100,124,117,50,50,44,1,False
6,CharizardMega Charizard X,Fire,Dragon,634,87,121,110,135,88,93,1,False
75,Graveler,Rock,Ground,390,46,85,118,48,54,39,1,False
121,Starmie,Water,Psychic,520,57,81,93,94,84,111,1,False
94,Gengar,Ghost,Poison,500,60,63,64,136,66,111,1,False
13,Weedle,Bug,Poison,195,37,37,26,20,21,54,1,False
81,Magnemite,Electric,Steel,325,33,38,79,82,46,47,1,False
138,Omanyte,Rock,Water,355,26,42,96,98,65,28,1,False
103,Exeggutor,Grass,Psychic,520,104,85,94,132,60,45,1,False
6,CharizardMega Charizard Y,Fire,Flying,634,72,104,78,161,121,98,1,False
17,Pidgeotto,Normal,Flying,349,54,70,54,51,45,75,1,False
145,Zapdos,Electric,Flying,580,86,105,81,118,89,101,1,True
48,Venonat,Bug,Poison,305,67,57,46,43,56,36,1,False
17,Pidgeotto,Normal,Flying,349,65,55,52,57,55,65,1,False
44,Gloom,Grass,Poison,395,57,65,70,94,70,39,1,False
74,Geodude,Rock,Ground,300,45,86,93,20,32,24,1,False
16,Pidgey,Normal,Flying,251,43,33,39,34,40,62,1,False
18,Pidgeot,Normal,Flying,479,85,74,71,71,82,96,1,False
80,Slowbro,Water,Psychic,490,107,82,103,95,78,25,1,False
75,Graveler,Rock,Ground,390,60,97,124,41,38,30,1,False
74,Geodude,Rock,Ground,300,34,87,105,36,27,11,1,False
17,Pidgeotto,Normal,Flying,349,58,63,53,57,54,64,1,False
3,VenusaurMega Venusaur,Grass,Poison,625,89,102,116,120,125,73,1,False
144,Articuno,Ice,Flying,580,89,92,102,95,119,83,1,True
69,Bellsprout,Grass,Poison,300,52,72,34,67,40,35,1,False
75,Graveler,Rock,Ground,390,53,101,110,47,52,27,1,False
82,Magneton,Electric,Steel,465,54,66,100,118,65,62,1,False
146,Moltres,Fire,Flying,580,95,95,94,115,82,99,1,True
22,Fearow,Normal,Flying,442,56,99,61,61,70,95,1,False
138,Omanyte,Rock,Water,355,28,30,106,96,65,30,1,False
39,Jigglypuff,Normal,Fairy,270,114,45,21,36,28,26,1,False
111,Rhyhorn,Ground,Rock,345,85,91,86,33,24,26,1,False
79,Slowpoke,Water,Psychic,315,86,70,55,39,43,22,1,False
130,Gyarados,Water,Flying,540,91,123,78,70,102,76,1,False
1,Bulbasaur,Grass,Poison,318,55,65,47,52,53,46,1,False
91,Cloyster,Water,Ice,525,45,98,183,80,42,77,1,False
87,Dewgong,Water,Ice,475,84,76,81,77,87,70,1,False
142,AerodactylMega Aerodactyl,Rock,Flying,615,89,127,89,62,94,154,1,False
79,Slowpoke,Water,Psychic,315,91,67,59,39,47,12,1,False
14,Kakuna,Bug,Poison,205,48,28,52,19,23,35,1,False
84,Doduo,Normal,Flying,310,45,78,36,38,41,72,1,False
6,CharizardMega Charizard Y,Fire,Flying,634,71,104,75,169,122,93,1,False
17,Pidgeotto,Normal,Flying,349,61,67,53,43,58,67,1,False
102,Exeggcute,Grass,Psychic,325,55,47,78,54,54,37,1,False
42,Golbat,Poison,Flying,455,76,84,61,74,69,91,1,False
91,Cloyster,Water,Ice,525,46,104,169,84,47,75,1,False
2,Ivysaur,Grass,Poison,405,64,52,61,84,76,68,1,False
6,CharizardMega Charizard X,Fire,Dragon,634,83,120,100,132,92,107,1,False
84,Doduo,Normal,Flying,310,34,84,42,44,35,71,1,False
49,Venomoth,Bug,Poison,450,68,70,66,88,74,84,1,False
31,Nidoqueen,Poison,Ground,505,84,96,90,80,76,79,1,False
34,Nidoking,Poison,Ground,505,90,103,73,90,70,79,1,False
81,Magnemite,Electric,Steel,325,25,38,71,94,51,46,1,False
72,Tentacool,Water,Poison,335,32,42,32,59,103,67,1,False
130,Gyarados,Water,Flying,540,99,118,87,58,103,75,1,False
47,Parasect,Bug,Grass,405,58,109,75,54,78,31,1,False
145,Zapdos,Electric,Flying,580,87,94,82,135,91,91,1,True
72,Tentacool,Water,Poison,335,41,40,33,51,102,68,1,False
94,Gengar,Ghost,Poison,500,56,69,59,136,66,114,1,False
13,Weedle,Bug,Poison,195,48,42,29,25,10,41,1,False
18,PidgeotMega Pidgeot,Normal,Flying,579,82,73,72,139,83,130,1,False
3,VenusaurMega Venusaur,Grass,Poison,625,78,94,132,119,111,91,1,False
16,Pidgey,Normal,Flying,251,48,41,32,27,44,59,1,False
79,Slowpoke,Water,Psychic,315,102,71,63,32,37,10,1,False
6,Charizard,Fire,Flying,534,79,74,80,116,89,96,1,False
22,Fearow,Normal,Flying,442,55,92,63,66,63,103,1,False
138,Omanyte,Rock,Water,355,29,45,110,83,50,38,1,False
18,PidgeotMega Pidgeot,Normal,Flying,579,89,73,75,131,87,124,1,False
141,Kabutops,Rock,Water,495,55,115,102,66,81,76,1,False
140,Kabuto,Rock,Water,355,27,79,92,48,50,59,1,False
112,Rhydon,Ground,Rock,485,110,125,126,40,44,40,1,False
138,Omanyte,Rock,Water,355,34,40,103,96,57,25,1,False
145,Zapdos,Electric,Flying,580,78,80,86,135,96,105,1,True
82,Magneton,Electric,Steel,465,43,55,96,130,69,72,1,False
6,Charizard,Fire,Flying,534,88,80,83,105,81,97,1,False
43,Oddish,Grass,Poison,320,38,45,58,83,67,29,1,False
150,MewtwoMega Mewtwo X,Psychic,Fighting,780,106,193,108,147,96,130,1,True
80,SlowbroMega Slowbro,Water,Psychic,590,88,71,184,128,94,25,1,False
121,Starmie,Water,Psychic,520,64,79,72,102,87,116,1,False
16,Pidgey,Normal,Flying,251,37,55,48,27,34,50,1,False
82,Magneton,Electric,Steel,465,47,60,93,122,67,76,1,False
80,Slowbro,Water,Psychic,490,101,68,113,97,79,32,1,False
48,Venonat,Bug,Poison,305,55,60,42,38,58,52,1,False
93,Haunter,Ghost,Poison,405,47,54,40,122,44,98,1,False
46,Paras,Bug,Grass,285,43,63,51,49,51,28,1,False
12,Butterfree,Bug,Flying,395,59,53,47,81,82,73,1,False
22,Fearow,Normal,Flying,442,57,86,71,70,66,92,1,False
87,Dewgong,Water,Ice,475,85,75,82,73,92,68,1,False
34,Nidoking,Poison,Ground,505,72,112,85,75,73,88,1,False
73,Tentacruel,Water,Poison,515,87,70,70,75,112,101,1,False
102,Exeggcute,Grass,Psychic,325,58,38,85,68,30,46,1,False
87,Dewgong,Water,Ice,475,88,72,82,72,94,67,1,False
16,Pidgey,Normal,Flying,251,39,46,30,41,41,54,1,False
40,Wigglytuff,Normal,Fairy,435,145,76,40,79,55,40,1,False
42,Golbat,Poison,Flying,455,75,75,66,68,84,87,1,False
6,Charizard,Fire,Flying,534,83,78,87,107,81,98,1,False
48,Venonat,Bug,Poison,305,59,55,58,33,53,47,1,False
122,Mr. Mime,Psychic,Fairy,460,36,27,71,98,128,100,1,False
31,Nidoqueen,Poison,Ground,505,96,88,82,79,90,70,1,False
74,Geodude,Rock,Ground,300,41,70,95,40,32,22,1,False
16,Pidgey,Normal,Flying,251,33,39,47,31,38,63,1,False
15,BeedrillMega Beedrill,Bug,Poison,495,71,149,36,10,80,149,1,False
2,Ivysaur,Grass,Poison,405,59,58,66,86,73,63,1,False
131,Lapras,Water,Ice,535,126,83,89,82,86,69,1,False
41,Zubat,Poison,Flying,245,33,47,37,31,37,60,1,False
16,Pidgey,Normal,Flying,251,32,53,42,28,40,56,1,False
47,Parasect,Bug,Grass,405,58,101,79,51,77,39,1,False
144,Articuno,Ice,Flying,580,87,77,103,95,130,88,1,True
40,Wigglytuff,Normal,Fairy,435,137,70,51,82,50,45,1,False
72,Tentacool,Water,Poison,335,49,39,40,41,96,70,1,False
3,Venusaur,Grass,Poison,525,78,79,88,92,108,80,1,False
85,Dodrio,Normal,Flying,460,55,116,64,58,57,110,1,False
2,Ivysaur,Grass,Poison,405,66,56,68,74,83,58,1,False
112,Rhydon,Ground,Rock,485,98,126,128,52,46,35,1,False
142,AerodactylMega Aerodactyl,Rock,Flying,615,70,135,85,68,98,159,1,False
14,Kakuna,Bug,Poison,205,52,17,46,24,27,39,1,False
127,PinsirMega Pinsir,Bug,Flying,600,73,143,109,71,95,109,1,False
95,Onix,Rock,Ground,385,31,42,156,32,43,81,1,False
31,Nidoqueen,Poison,Ground,505,89,91,83,81,78,83,1,False
49,Venomoth,Bug,Poison,450,70,69,64,88,67,92,1,False
91,Cloyster,Water,Ice,525,55,105,176,79,39,71,1,False
44,Gloom,Grass,Poison,395,56,61,76,92,73,37,1,False
21,Spearow,Normal,Flying,262,40,61,29,36,26,70,1,False
6,Charizard,Fire,Flying,534,88,77,72,110,81,106,1,False
87,Dewgong,Water,Ice,475,81,80,76,78,92,68,1,False
102,Exeggcute,Grass,Psychic,325,58,50,79,56,43,39,1,False
82,Magneton,Electric,Steel,465,52,55,95,124,66,73,1,False
6,Charizard,Fire,Flying,534,72,87,73,106,97,99,1,False
149,Dragonite,Dragon,Flying,600,98,127,95,94,105,81,1,False
103,Exeggutor,Grass,Psychic,520,94,87,91,131,73,44,1,False
145,Zapdos,Electric,Flying,580,82,86,85,121,97,109,1,True
15,BeedrillMega Beedrill,Bug,Poison,495,68,143,43,9,92,140,1,False
91,Cloyster,Water,Ice,525,52,94,172,81,54,72,1,False
80,Slowbro,Water,Psychic,490,86,71,111,101,81,40,1,False
41,Zubat,Poison,Flying,245,36,52,39,32,35,51,1,False
42,Golbat,Poison,Flying,455,70,87,72,58,83,85,1,False
6,CharizardMega Charizard Y,Fire,Flying,634,76,96,75,163,118,106,1,False
142,Aerodactyl,Rock,Flying,515,78,107,54,57,83,136,1,False
74,Geodude,Rock,Ground,300,45,69,110,35,29,12,1,False
18,Pidgeot,Normal,Flying,479,89,76,68,70,72,104,1,False
140,Kabuto,Rock,Water,355,31,82,87,52,42,61,1,False
146,Moltres,Fire,Flying,580,88,97,101,119,87,88,1,True
21,Spearow,Normal,Flying,262,32,57,41,27,31,74,1,False
76,Golem,Rock,Ground,495,86,124,122,52,60,51,1,False
93,Haunter,Ghost,Poison,405,43,49,39,116,54,104,1,False
22,Fearow,Normal,Flying,442,63,81,75,64,54,105,1,False
6,Charizard,Fire,Flying,534,73,81,79,114,94,93,1,False
22,Fearow,Normal,Flying,442,65,81,73,67,61,95,1,False
46,Paras,Bug,Grass,285,31,65,56,49,59,25,1,False
85,Dodrio,Normal,Flying,460,63,103,77,68,47,102,1,False
102,Exeggcute,Grass,Psychic,325,67,44,81,52,39,42,1,False
139,Omastar,Rock,Water,495,72,54,134,121,64,50,1,False
91,Cloyster,Water,Ice,525,55,101,176,87,44,62,1,False
80,Slowbro,Water,Psychic,490,83,78,117,108,86,18,1,False
3,Venusaur,Grass,Poison,525,77,81,81,108,92,86,1,False
3,VenusaurMega Venusaur,Grass,Poison,625,83,93,123,115,128,83,1,False
74,Geodude,Rock,Ground,300,40,82,105,33,27,13,1,False
140,Kabuto,Rock,Water,355,29,80,83,63,37,63,1,False
142,Aerodactyl,Rock,Flying,515,83,94,70,68,66,134,1,False
42,Golbat,Poison,Flying,455,74,72,75,66,83,85,1,False
144,Articuno,Ice,Flying,580,77,87,106,99,131,80,1,True
93,Haunter,Ghost,Poison,405,52,50,49,109,52,93,1,False
62,Poliwrath,Water,Fighting,510,85,99,99,62,93,72,1,False
111,Rhyhorn,Ground,Rock,345,87,85,94,22,37,20,1,False
138,Omanyte,Rock,Water,355,40,46,85,81,59,44,1,False
130,GyaradosMega Gyarados,Water,Dark,640,101,161,108,64,121,85,1,False
140,Kabuto,Rock,Water,355,35,90,84,50,39,57,1,False
130,Gyarados,Water,Flying,540,103,125,70,53,105,84,1,False
73,Tentacruel,Water,Poison,515,84,68,68,74,125,96,1,False
75,Graveler,Rock,Ground,390,60,89,114,53,43,31,1,False
138,Omanyte,Rock,Water,355,44,32,96,91,60,32,1,False
48,Venonat,Bug,Poison,305,53,64,44,34,55,55,1,False
144,Articuno,Ice,Flying,580,96,81,100,92,117,94,1,True
12,Butterfree,Bug,Flying,395,59,40,44,93,82,77,1,False
45,Vileplume,Grass,Poison,490,73,85,84,108,81,59,1,False
103,Exeggutor,Grass,Psychic,520,99,103,76,133,62,47,1,False
149,Dragonite,Dragon,Flying,600,84,137,98,91,104,86,1,False
47,Parasect,Bug,Grass,405,67,91,81,65,73,28,1,False
83,Farfetch'd,Normal,Flying,352,59,63,64,49,58,59,1,False
94,Gengar,Ghost,Poison,500,62,65,55,131,75,112,1,False
34,Nidoking,Poison,Ground,505,78,107,70,80,82,88,1,False
3,VenusaurMega Venusaur,Grass,Poison,625,85,91,132,115,114,88,1,False
144,Articuno,Ice,Flying,580,91,90,99,95,124,81,1,True
83,Farfetch'd,Normal,Flying,352,53,63,52,58,68,58,1,False
127,PinsirMega Pinsir,Bug,Flying,600,67,156,123,50,90,114,1,False
18,Pidgeot,Normal,Flying,479,86,71,72,72,70,108,1,False
95,Onix,Rock,Ground,385,38,37,160,37,40,73,1,False
21,Spearow,Normal,Flying,262,45,55,34,24,25,79,1,False
139,Omastar,Rock,Water,495,65,69,126,109,68,58,1,False
146,Moltres,Fire,Flying,580,93,101,92,117,79,98,1,True
87,Dewgong,Water,Ice,475,81,77,79,63,100,75,1,False
146,Moltres,Fire,Flying,580,88,100,84,120,89,99,1,True
3,Venusaur,Grass,Poison,525,80,73,82,98,107,85,1,False
139,Omastar,Rock,Water,495,77,50,125,118,76,49,1,False
17,Pidgeotto,Normal,Flying,349,65,56,58,49,53,68,1,False
130,Gyarados,Water,Flying,540,92,124,85,56,97,86,1,False
69,Bellsprout,Grass,Poison,300,46,81,33,68,26,46,1,False
12,Butterfree,Bug,Flying,395,60,47,52,87,84,65,1,False
79,Slowpoke,Water,Psychic,315,85,68,71,32,36,23,1,False
112,Rhydon,Ground,Rock,485,97,128,119,42,50,49,1,False
43,Oddish,Grass,Poison,320,51,45,58,80,58,28,1,False
47,Parasect,Bug,Grass,405,61,99,83,60,86,16,1,False
18,Pidgeot,Normal,Flying,479,88,80,69,67,76,99,1,False
82,Magneton,Electric,Steel,465,63,50,96,130,64,62,1,False
139,Omastar,Rock,Water,495,73,63,121,112,73,53,1,False
47,Parasect,Bug,Grass,405,70,89,89,70,70,17,1,False
140,Kabuto,Rock,Water,355,23,87,98,53,50,44,1,False
15,BeedrillMega Beedrill,Bug,Poison,495,69,152,47,12,74,141,1,False
6,CharizardMega Charizard Y,Fire,Flying,634,79,98,81,164,113,99,1,False
112,Rhydon,Ground,Rock,485,100,141,116,51,39,38,1,False
46,Paras,Bug,Grass,285,29,75,59,47,53,22,1,False
15,BeedrillMega Beedrill,Bug,Poison,495,64,136,42,18,84,151,1,False
2,Ivysaur,Grass,Poison,405,58,58,59,79,79,72,1,False
2,Ivysaur,Grass,Poison,405,68,56,60,84,86,51,1,False
82,Magneton,Electric,Steel,465,47,60,86,124,82,66,1,False
41,Zubat,Poison,Flying,245,41,42,34,33,39,56,1,False
49,Venomoth,Bug,Poison,450,73,68,52,85,70,102,1,False
142,AerodactylMega Aerodactyl,Rock,Flying,615,73,140,91,77,89,145,1,False
17,Pidgeotto,Normal,Flying,349,64,59,56,58,48,64,1,False
142,Aerodactyl,Rock,Flying,515,79,111,70,55,75,125,1,False
18,Pidgeot,Normal,Flying,479,77,94,73,67,77,91,1,False
3,VenusaurMega Venusaur,Grass,Poison,625,76,98,116,121,130,84,1,False
80,Slowbro,Water,Psychic,490,104,69,109,101,86,21,1,False
145,Zapdos,Electric,Flying,580,89,96,82,131,87,95,1,True
94,GengarMega Gengar,Ghost,Poison,600,56,68,77,161,103,135,1,False
21,Spearow,Normal,Flying,262,46,66,22,24,32,72,1,False
144,Articuno,Ice,Flying,580,86,81,100,94,135,84,1,True
83,Farfetch'd,Normal,Flying,352,62,58,49,62,52,69,1,False
121,Starmie,Water,Psychic,520,66,79,94,92,79,110,1,False
123,Scyther,Bug,Flying,500,80,109,80,51,76,104,1,False
149,Dragonite,Dragon,Flying,600,91,137,92,99,97,84,1,False
71,Victreebel,Grass,Poison,490,79,97,69,104,62,79,1,False
150,MewtwoMega Mewtwo X,Psychic,Fighting,780,103,194,95,149,103,136,1,True
93,Haunter,Ghost,Poison,405,40,57,45,111,53,99,1,False
122,Mr. Mime,Psychic,Fairy,460,34,48,55,109,126,88,1,False
83,Farfetch'd,Normal,Flying,352,47,70,52,49,67,67,1,False
46,Paras,Bug,Grass,285,36,56,45,52,62,34,1,False
112,Rhydon,Ground,Rock,485,110,120,128,43,46,38,1,False
111,Rhyhorn,Ground,Rock,345,84,98,85,25,32,21,1,False
76,Golem,Rock,Ground,495,85,122,120,56,73,39,1,False
94,GengarMega Gengar,Ghost,Poison,600,63,59,79,173,105,121,1,False
22,Fearow,Normal,Flying,442,62,98,59,60,66,97,1,False
34,Nidoking,Poison,Ground,505,79,108,72,77,79,90,1,False
34,Nidoking,Poison,Ground,505,84,90,84,92,70,85,1,False
71,Victreebel,Grass,Poison,490,79,110,68,105,67,61,1,False
92,Gastly,Ghost,Poison,310,31,34,22,114,33,76,1,False
21,Spearow,Normal,Flying,262,47,60,31,30,33,61,1,False
21,Spearow,Normal,Flying,262,31,66,32,36,31,66,1,False
121,Starmie,Water,Psychic,520,56,80,84,95,90,115,1,False
14,Kakuna,Bug,Poison,205,43,33,59,17,25,28,1,False
71,Victreebel,Grass,Poison,490,88,100,62,97,75,68,1,False
48,Venonat,Bug,Poison,305,70,60,52,35,48,40,1,False
92,Gastly,Ghost,Poison,310,32,42,37,92,25,82,1,False
142,AerodactylMega Aerodactyl,Rock,Flying,615,87,140,82,77,86,143,1,False
72,Tentacool,Water,Poison,335,32,30,42,58,94,79,1,False
6,CharizardMega Charizard X,Fire,Dragon,634,77,138,106,126,88,99,1,False
45,Vileplume,Grass,Poison,490,85,73,87,110,85,50,1,False
48,Venonat,Bug,Poison,305,59,48,55,42,62,39,1,False
46,Paras,Bug,Grass,285,39,77,44,37,56,32,1,False
80,SlowbroMega Slowbro,Water,Psychic,590,92,78,173,132,79,36,1,False
95,Onix,Rock,Ground,385,43,44,158,32,47,61,1,False
15,BeedrillMega Beedrill,Bug,Poison,495,56,144,50,13,79,153,1,False
22,Fearow,Normal,Flying,442,57,90,67,67,56,105,1,False
74,Geodude,Rock,Ground,300,36,79,98,26,38,23,1,False
14,Kakuna,Bug,Poison,205,53,26,59,27,15,25,1,False
122,Mr. Mime,Psychic,Fairy,460,47,48,60,89,125,91,1,False
93,Haunter,Ghost,Poison,405,35,54,43,113,63,97,1,False
47,Parasect,Bug,Grass,405,63,91,71,70,71,39,1,False
40,Wigglytuff,Normal,Fairy,435,135,61,54,93,54,38,1,False
15,BeedrillMega Beedrill,Bug,Poison,495,73,148,40,20,79,135,1,False
92,Gastly,Ghost,Poison,310,25,40,21,108,36,80,1,False
39,Jigglypuff,Normal,Fairy,270,106,42,22,49,21,30,1,False
69,Bellsprout,Grass,Poison,300,53,76,34,64,41,32,1,False
16,Pidgey,Normal,Flying,251,34,37,45,30,43,62,1,False
145,Zapdos,Electric,Flying,580,90,91,86,135,86,92,1,True
1,Bulbasaur,Grass,Poison,318,40,40,57,61,72,48,1,False
43,Oddish,Grass,Poison,320,45,54,47,72,75,27,1,False
48,Venonat,Bug,Poison,305,57,46,51,37,59,55,1,False
16,Pidgey,Normal,Flying,251,36,49,36,29,43,58,1,False
45,Vileplume,Grass,Poison,490,76,76,86,102,91,59,1,False
127,PinsirMega Pinsir,Bug,Flying,600,62,154,112,69,97,106,1,False
80,SlowbroMega Slowbro,Water,Psychic,590,88,84,182,126,87,23,1,False
142,Aerodactyl,Rock,Flying,515,85,104,68,53,79,126,1,False
84,Doduo,Normal,Flying,310,35,89,40,38,38,70,1,False
123,Scyther,Bug,Flying,500,71,105,85,65,74,100,1,False
42,Golbat,Poison,Flying,455,80,71,70,59,81,94,1,False
93,Haunter,Ghost,Poison,405,51,49,35,123,52,95,1,False
146,Moltres,Fire,Flying,580,88,91,86,128,92,95,1,True
45,Vileplume,Grass,Poison,490,75,72,92,109,87,55,1,False
146,Moltres,Fire,Flying,580,91,99,90,119,87,94,1,True
80,SlowbroMega Slowbro,Water,Psychic,590,105,83,172,125,80,25,1,False
83,Farfetch'd,Normal,Flying,352,42,70,51,63,69,57,1,False
82,Magneton,Electric,Steel,465,50,60,94,117,71,73,1,False
17,Pidgeotto,Normal,Flying,349,70,58,52,45,49,75,1,False
131,Lapras,Water,Ice,535,128,87,81,74,101,64,1,False
87,Dewgong,Water,Ice,475,99,69,73,66,104,64,1,False
122,Mr. Mime,Psychic,Fairy,460,42,42,60,103,130,83,1,False
42,Golbat,Poison,Flying,455,79,71,71,57,81,96,1,False
81,Magnemite,Electric,Steel,325,30,36,65,83,64,47,1,False
43,Oddish,Grass,Poison,320,48,40,64,75,62,31,1,False
43,Oddish,Grass,Poison,320,39,55,58,75,62,31,1,False
73,Tentacruel,Water,Poison,515,76,78,55,77,127,102,1,False
91,Cloyster,Water,Ice,525,47,100,185,81,40,72,1,False
18,Pidgeot,Normal,Flying,479,79,77,78,62,75,108,1,False
47,Parasect,Bug,Grass,405,68,106,74,60,75,22,1,False
46,Paras,Bug,Grass,285,38,76,58,38,59,16,1,False
124,Jynx,Ice,Psychic,455,65,52,32,112,95,99,1,False
72,Tentacool,Water,Poison,335,37,33,39,48,103,75,1,False
130,GyaradosMega Gyarados,Water,Dark,640,92,150,104,78,127,89,1,False
92,Gastly,Ghost,Poison,310,38,27,24,106,27,88,1,False
124,Jynx,Ice,Psychic,455,58,46,43,112,91,105,1,False
1,Bulbasaur,Grass,Poison,318,50,60,47,60,57,44,1,False
40,Wigglytuff,Normal,Fairy,435,140,82,47,81,44,41,1,False
17,Pidgeotto,Normal,Flying,349,64,61,48,49,46,81,1,False
39,Jigglypuff,Normal,Fairy,270,114,40,16,43,22,35,1,False
111,Rhyhorn,Ground,Rock,345,82,78,102,27,37,19,1,False
138,Omanyte,Rock,Water,355,43,52,95,83,51,31,1,False
94,GengarMega Gengar,Ghost,Poison,600,61,69,82,168,96,124,1,False
74,Geodude,Rock,Ground,300,40,89,95,31,30,15,1,False
73,Tentacruel,Water,Poison,515,76,62,73,88,116,100,1,False
91,Cloyster,Water,Ice,525,47,97,178,81,46,76,1,False
131,Lapras,Water,Ice,535,131,78,77,89,102,58,1,False
46,Paras,Bug,Grass,285,34,77,62,38,51,23,1,False
139,Omastar,Rock,Water,495,70,61,121,122,64,57,1,False
102,Exeggcute,Grass,Psychic,325,55,40,88,69,38,35,1,False
95,Onix,Rock,Ground,385,32,40,155,28,50,80,1,False
81,Magnemite,Electric,Steel,325,22,30,74,99,50,50,1,False
6,CharizardMega Charizard X,Fire,Dragon,634,71,134,106,134,94,95,1,False
94,GengarMega Gengar,Ghost,Poison,600,68,65,79,162,94,132,1,False
14,Kakuna,Bug,Poison,205,50,28,47,16,30,34,1,False
22,Fearow,Normal,Flying,442,70,84,59,72,52,105,1,False
92,Gastly,Ghost,Poison,310,28,46,23,100,35,78,1,False
124,Jynx,Ice,Psychic,455,60,48,34,115,96,102,1,False
142,AerodactylMega Aerodactyl,Rock,Flying,615,73,125,80,76,105,156,1,False
150,MewtwoMega Mewtwo X,Psychic,Fighting,780,96,197,108,151,107,121,1,True
123,Scyther,Bug,Flying,500,74,109,80,67,73,97,1,False
69,Bellsprout,Grass,Poison,300,42,83,29,66,40,40,1,False
93,Haunter,Ghost,Poison,405,43,59,46,107,59,91,1,False
124,Jynx,Ice,Psychic,455,63,63,32,112,98,87,1,False
92,Gastly,Ghost,Poison,310,30,37,31,95,36,81,1,False
49,Venomoth,Bug,Poison,450,77,65,56,89,65,98,1,False
139,Omastar,Rock,Water,495,74,66,126,113,70,46,1,False
91,Cloyster,Water,Ice,525,41,95,184,92,39,74,1,False
18,PidgeotMega Pidgeot,Normal,Flying,579,88,72,78,135,80,126,1,False
18,Pidgeot,Normal,Flying,479,89,85,67,70,76,92,1,False
41,Zubat,Poison,Flying,245,46,47,32,21,50,49,1,False
84,Doduo,Normal,Flying,310,36,91,49,40,31,63,1,False
15,Beedrill,Bug,Poison,395,69,90,51,40,75,70,1,False
142,Aerodactyl,Rock,Flying,515,72,116,67,63,70,127,1,False
95,Onix,Rock,Ground,385,31,50,166,23,43,72,1,False
93,Haunter,Ghost,Poison,405,45,53,41,109,52,105,1,False
41,Zubat,Poison,Flying,245,32,48,35,29,40,61,1,False
121,Starmie,Water,Psychic,520,67,70,89,97,90,107,1,False
45,Vileplume,Grass,Poison,490,68,80,88,107,87,60,1,False
80,SlowbroMega Slowbro,Water,Psychic,590,98,77,172,127,85,31,1,False
3,VenusaurMega Venusaur,Grass,Poison,625,81,96,121,125,118,84,1,False
74,Geodude,Rock,Ground,300,49,75,93,23,39,21,1,False
139,Omastar,Rock,Water,495,77,55,116,120,63,64,1,False
80,Slowbro,Water,Psychic,490,102,70,109,109,80,20,1,False
121,Starmie,Water,Psychic,520,58,80,77,109,86,110,1,False
76,Golem,Rock,Ground,495,79,122,120,62,61,51,1,False
22,Fearow,Normal,Flying,442,57,93,70,69,57,96,1,False
71,Victreebel,Grass,Poison,490,83,107,58,89,77,76,1,False
103,Exeggutor,Grass,Psychic,520,105,101,78,118,55,63,1,False
94,GengarMega Gengar,Ghost,Poison,600,70,56,77,178,96,123,1,False
70,Weepinbell,Grass,Poison,390,67,85,46,82,49,61,1,False
62,Poliwrath,Water,Fighting,510,99,94,91,71,88,67,1,False
150,MewtwoMega Mewtwo X,Psychic,Fighting,780,108,188,96,150,98,140,1,True
112,Rhydon,Ground,Rock,485,104,129,124,43,42,43,1,False
6,Charizard,Fire,Flying,534,65,87,69,116,90,107,1,False
80,Slowbro,Water,Psychic,490,92,71,110,100,83,34,1,False
41,Zubat,Poison,Flying,245,47,38,39,30,35,56,1,False
130,Gyarados,Water,Flying,540,97,115,75,60,107,86,1,False
112,Rhydon,Ground,Rock,485,109,124,125,43,39,45,1,False
123,Scyther,Bug,Flying,500,67,109,82,58,86,98,1,False
3,VenusaurMega Venusaur,Grass,Poison,625,82,106,130,115,118,74,1,False
62,Poliwrath,Water,Fighting,510,84,104,105,67,84,66,1,False
149,Dragonite,Dragon,Flying,600,83,129,95,96,108,89,1,False
80,Slowbro,Water,Psychic,490,92,74,109,103,71,41,1,False
14,Kakuna,Bug,Poison,205,40,25,54,26,19,41,1,False
140,Kabuto,Rock,Water,355,23,77,91,65,39,60,1,False
144,Articuno,Ice,Flying,580,87,89,103,94,116,91,1,True
34,Nidoking,Poison,Ground,505,81,101,80,74,81,88,1,False
131,Lapras,Water,Ice,535,131,88,81,88,94,53,1,False
124,Jynx,Ice,Psychic,455,68,55,32,112,93,95,1,False
139,Omastar,Rock,Water,495,72,66,125,111,71,50,1,False
138,Omanyte,Rock,Water,355,38,43,94,92,58,30,1,False
14,Kakuna,Bug,Poison,205,51,21,49,24,27,33,1,False
69,Bellsprout,Grass,Poison,300,51,77,32,63,40,37,1,False
43,Oddish,Grass,Poison,320,51,45,49,76,74,25,1,False
62,Poliwrath,Water,Fighting,510,93,97,101,70,88,61,1,False
40,Wigglytuff,Normal,Fairy,435,141,72,39,93,46,44,1,False
95,Onix,Rock,Ground,385,37,45,158,37,38,70,1,False
123,Scyther,Bug,Flying,500,74,109,76,54,85,102,1,False
18,PidgeotMega Pidgeot,Normal,Flying,579,90,80,80,126,87,116,1,False
69,Bellsprout,Grass,Poison,300,48,67,43,67,30,45,1,False
73,Tentacruel,Water,Poison,515,75,64,60,83,137,96,1,False
14,Kakuna,Bug,Poison,205,44,29,58,13,30,31,1,False
3,VenusaurMega Venusaur,Grass,Poison,625,78,95,132,123,120,77,1,False
142,Aerodactyl,Rock,Flying,515,72,101,72,52,87,131,1,False
141,Kabutops,Rock,Water,495,60,125,107,58,64,81,1,False
85,Dodrio,Normal,Flying,460,56,119,80,60,49,96,1,False
70,Weepinbell,Grass,Poison,390,61,85,58,79,47,60,1,False
72,Tentacool,Water,Poison,335,34,38,48,47,98,70,1,False
17,Pidgeotto,Normal,Flying,349,64,52,53,54,54,72,1,False
49,Venomoth,Bug,Poison,450,62,63,59,95,75,96,1,False
3,Venusaur,Grass,Poison,525,88,76,83,108,91,79,1,False
94,GengarMega Gengar,Ghost,Poison,600,50,61,86,174,99,130,1,False
93,Haunter,Ghost,Poison,405,47,55,39,112,61,91,1,False
45,Vileplume,Grass,Poison,490,74,80,85,113,86,52,1,False
139,Omastar,Rock,Water,495,72,60,117,120,73,53,1,False
22,Fearow,Normal,Flying,442,70,84,68,58,68,94,1,False
80,SlowbroMega Slowbro,Water,Psychic,590,97,70,172,138,81,32,1,False
44,Gloom,Grass,Poison,395,69,62,67,89,77,31,1,False
69,Bellsprout,Grass,Poison,300,52,69,35,74,25,45,1,False
140,Kabuto,Rock,Water,355,28,77,99,56,43,52,1,False
18,PidgeotMega Pidgeot,Normal,Flying,579,86,84,76,140,80,113,1,False
81,Magnemite,Electric,Steel,325,27,37,68,93,59,41,1,False
85,Dodrio,Normal,Flying,460,58,108,74,53,62,105,1,False
71,Victreebel,Grass,Poison,490,72,113,74,101,65,65,1,False
130,Gyarados,Water,Flying,540,88,141,79,57,101,74,1,False
79,Slowpoke,Water,Psychic,315,81,69,63,43,38,21,1,False
74,Geodude,Rock,Ground,300,49,86,99,25,22,19,1,False
21,Spearow,Normal,Flying,262,35,61,36,26,40,64,1,False
3,VenusaurMega Venusaur,Grass,Poison,625,86,95,124,114,123,83,1,False
48,Venonat,Bug,Poison,305,61,61,54,40,45,44,1,False
73,Tentacruel,Water,Poison,515,71,70,75,87,116,96,1,False
83,Farfetch'd,Normal,Flying,352,59,58,56,55,59,65,1,False
73,Tentacruel,Water,Poison,515,81,68,73,85,116,92,1,False
73,Tentacruel,Water,Poison,515,75,74,59,78,123,106,1,False
70,Weepinbell,Grass,Poison,390,71,88,46,84,45,56,1,False
111,Rhyhorn,Ground,Rock,345,81,77,94,36,29,28,1,False
145,Zapdos,Electric,Flying,580,80,88,79,130,93,110,1,True
84,Doduo,Normal,Flying,310,31,87,56,33,34,69,1,False
130,Gyarados,Water,Flying,540,87,115,80,67,107,84,1,False
42,Golbat,Poison,Flying,455,75,88,72,57,73,90,1,False
144,Articuno,Ice,Flying,580,90,77,108,95,129,81,1,True
102,Exeggcute,Grass,Psychic,325,59,32,82,70,49,33,1,False
62,Poliwrath,Water,Fighting,510,92,86,103,70,82,77,1,False
14,Kakuna,Bug,Poison,205,43,20,54,17,32,39,1,False
70,Weepinbell,Grass,Poison,390,63,96,44,79,50,58,1,False
79,Slowpoke,Water,Psychic,315,89,62,64,46,36,18,1,False
141,Kabutops,Rock,Water,495,64,116,113,67,68,67,1,False
127,PinsirMega Pinsir,Bug,Flying,600,67,143,115,70,94,111,1,False
124,Jynx,Ice,Psychic,455,72,49,33,117,94,90,1,False
122,Mr. Mime,Psychic,Fairy,460,38,49,67,103,118,85,1,False
145,Zapdos,Electric,Flying,580,91,96,90,124,93,86,1,True
34,Nidoking,Poison,Ground,505,80,99,79,86,77,84,1,False
138,Omanyte,Rock,Water,355,31,48,99,93,48,36,1,False
6,CharizardMega Charizard Y,Fire,Flying,634,80,110,69,149,124,102,1,False
34,Nidoking,Poison,Ground,505,89,98,78,89,73,78,1,False
75,Graveler,Rock,Ground,390,49,83,115,51,53,39,1,False
81,Magnemite,Electric,Steel,325,29,31,77,90,61,37,1,False
16,Pidgey,Normal,Flying,251,41,32,46,43,29,60,1,False
94,GengarMega Gengar,Ghost,Poison,600,61,65,84,176,93,121,1,False
91,Cloyster,Water,Ice,525,44,95,181,85,42,78,1,False
14,Kakuna,Bug,Poison,205,36,22,50,30,29,38,1,False
34,Nidoking,Poison,Ground,505,65,109,70,92,80,89,1,False
83,Farfetch'd,Normal,Flying,352,47,65,59,61,59,61,1,False
12,Butterfree,Bug,Flying,395,56,50,59,82,68,80,1,False
94,Gengar,Ghost,Poison,500,57,59,53,143,74,114,1,False
83,Farfetch'd,Normal,Flying,352,56,57,54,62,57,66,1,False
42,Golbat,Poison,Flying,455,74,71,75,71,75,89,1,False
43,Oddish,Grass,Poison,320,37,51,63,69,65,35,1,False
76,Golem,Rock,Ground,495,88,126,120,56,54,51,1,False
122,Mr. Mime,Psychic,Fairy,460,42,50,63,92,117,96,1,False
72,Tentacool,Water,Poison,335,41,26,43,55,95,75,1,False
40,Wigglytuff,Normal,Fairy,435,143,76,52,75,48,41,1,False
70,Weepinbell,Grass,Poison,390,65,88,53,76,46,62,1,False
49,Venomoth,Bug,Poison,450,64,69,63,97,64,93,1,False
49,Venomoth,Bug,Poison,450,61,64,62,80,85,98,1,False
127,PinsirMega Pinsir,Bug,Flying,600,64,153,120,64,93,106,1,False
45,Vileplume,Grass,Poison,490,68,85,83,108,87,59,1,False
142,Aerodactyl,Rock,Flying,515,91,100,60,53,80,131,1,False
1,Bulbasaur,Grass,Poison,318,45,53,63,67,42,48,1,False
94,GengarMega Gengar,Ghost,Poison,600,54,61,88,168,90,139,1,False
92,Gastly,Ghost,Poison,310,25,42,25,94,37,87,1,False
71,Victreebel,Grass,Poison,490,70,114,61,106,73,66,1,False
81,Magnemite,Electric,Steel,325,29,24,75,90,61,46,1,False
93,Haunter,Ghost,Poison,405,40,55,48,107,52,103,1,False
84,Doduo,Normal,Flying,310,32,85,46,37,40,70,1,False
144,Articuno,Ice,Flying,580,95,89,93,94,115,94,1,True
45,Vileplume,Grass,Poison,490,70,88,76,118,83,55,1,False
124,Jynx,Ice,Psychic,455,57,50,39,119,91,99,1,False
15,BeedrillMega Beedrill,Bug,Poison,495,64,150,48,9,77,147,1,False
130,Gyarados,Water,Flying,540,88,134,73,73,97,75,1,False
71,Victreebel,Grass,Poison,490,80,108,65,98,73,66,1,False
14,Kakuna,Bug,Poison,205,42,20,45,34,30,34,1,False
44,Gloom,Grass,Poison,395,68,60,63,87,78,39,1,False
45,Vileplume,Grass,Poison,490,72,80,80,108,91,59,1,False
6,CharizardMega Charizard Y,Fire,Flying,634,79,111,80,155,123,86,1,False
122,Mr. Mime,Psychic,Fairy,460,33,38,72,105,118,94,1,False
91,Cloyster,Water,Ice,525,42,97,189,85,40,72,1,False
39,Jigglypuff,Normal,Fairy,270,121,34,13,53,22,27,1,False
12,Butterfree,Bug,Flying,395,69,34,54,95,68,75,1,False
15,Beedrill,Bug,Poison,395,66,95,45,34,82,73,1,False
6,CharizardMega Charizard X,Fire,Dragon,634,78,120,112,138,91,95,1,False
17,Pidgeotto,Normal,Flying,349,73,69,47,41,53,66,1,False
80,SlowbroMega Slowbro,Water,Psychic,590,91,72,173,129,89,36,1,False
145,Zapdos,Electric,Flying,580,87,86,80,129,99,99,1,True
141,Kabutops,Rock,Water,495,55,119,104,72,60,85,1,False
74,Geodude,Rock,Ground,300,45,89,94,24,22,26,1,False
76,Golem,Rock,Ground,495,71,118,127,61,72,46,1,False
91,Cloyster,Water,Ice,525,51,97,180,84,40,73,1,False
83,Farfetch'd,Normal,Flying,352,56,68,50,64,54,60,1,False
130,GyaradosMega Gyarados,Water,Dark,640,100,152,101,66,133,88,1,False
47,Parasect,Bug,Grass,405,57,98,78,63,74,35,1,False
46,Paras,Bug,Grass,285,41,77,51,43,54,19,1,False
76,Golem,Rock,Ground,495,84,128,121,50,71,41,1,False
150,MewtwoMega Mewtwo X,Psychic,Fighting,780,99,199,96,152,99,135,1,True
43,Oddish,Grass,Poison,320,45,55,63,75,56,26,1,False
6,Charizard,Fire,Flying,534,87,90,82,108,76,91,1,False
12,Butterfree,Bug,Flying,395,55,53,50,92,85,60,1,False
130,Gyarados,Water,Flying,540,97,123,73,57,107,83,1,False
124,Jynx,Ice,Psychic,455,67,45,40,114,100,89,1,False
142,Aerodactyl,Rock,Flying,515,91,101,72,51,70,130,1,False
131,Lapras,Water,Ice,535,134,83,78,84,93,63,1,False
84,Doduo,Normal,Flying,310,29,82,49,38,41,71,1,False
124,Jynx,Ice,Psychic,455,59,49,44,113,100,90,1,False
111,Rhyhorn,Ground,Rock,345,87,83,95,26,26,28,1,False
71,Victreebel,Grass,Poison,490,69,107,71,100,71,72,1,False
46,Paras,Bug,Grass,285,36,74,56,47,50,22,1,False
12,Butterfree,Bug,Flying,395,64,48,47,85,86,65,1,False
130,Gyarados,Water,Flying,540,92,128,82,58,106,74,1,False
140,Kabuto,Rock,Water,355,21,69,95,64,44,62,1,False
75,Graveler,Rock,Ground,390,57,86,124,47,36,40,1,False
3,Venusaur,Grass,Poison,525,76,92,89,91,92,85,1,False
39,Jigglypuff,Normal,Fairy,270,123,39,18,50,26,14,1,False
69,Bellsprout,Grass,Poison,300,52,74,32,71,24,47,1,False
146,Moltres,Fire,Flying,580,88,103,83,120,85,101,1,True
45,Vileplume,Grass,Poison,490,75,74,91,109,94,47,1,False
15,BeedrillMega Beedrill,Bug,Poison,495,74,146,38,5,86,146,1,False
80,SlowbroMega Slowbro,Water,Psychic,590,91,75,173,137,80,34,1,False
41,Zubat,Poison,Flying,245,37,36,34,40,43,55,1,False
40,Wigglytuff,Normal,Fairy,435,146,76,46,83,44,40,1,False
84,Doduo,Normal,Flying,310,35,77,41,40,42,75,1,False
21,Spearow,Normal,Flying,262,50,51,27,31,33,70,1,False
94,GengarMega Gengar,Ghost,Poison,600,66,55,80,177,85,137,1,False
80,SlowbroMega Slowbro,Water,Psychic,590,94,76,174,128,85,33,1,False
41,Zubat,Poison,Flying,245,35,49,39,33,32,57,1,False
80,SlowbroMega Slowbro,Water,Psychic,590,105,74,176,129,78,28,1,False
123,Scyther,Bug,Flying,500,74,116,78,58,73,101,1,False
130,Gyarados,Water,Flying,540,100,120,85,63,92,80,1,False
6,CharizardMega Charizard X,Fire,Dragon,634,78,133,118,127,81,97,1,False
95,Onix,Rock,Ground,385,35,52,152,29,40,77,1,False
31,Nidoqueen,Poison,Ground,505,86,100,81,78,78,82,1,False
141,Kabutops,Rock,Water,495,67,108,102,68,76,74,1,False
91,Cloyster,Water,Ice,525,58,104,175,76,37,75,1,False
139,Omastar,Rock,Water,495,83,56,118,125,67,46,1,False
2,Ivysaur,Grass,Poison,405,65,56,59,71,90,64,1,False
6,Charizard,Fire,Flying,534,63,90,84,111,89,97,1,False
40,Wigglytuff,Normal,Fairy,435,142,72,41,91,47,42,1,False
141,Kabutops,Rock,Water,495,63,119,108,64,72,69,1,False
18,PidgeotMega Pidgeot,Normal,Flying,579,80,83,79,136,81,120,1,False
150,MewtwoMega Mewtwo X,Psychic,Fighting,780,110,179,104,156,103,128,1,True
41,Zubat,Poison,Flying,245,49,46,43,23,40,44,1,False
12,Butterfree,Bug,Flying,395,58,43,52,84,88,70,1,False
22,Fearow,Normal,Flying,442,64,91,60,66,54,107,1,False
83,Farfetch'd,Normal,Flying,352,56,70,54,58,61,53,1,False
12,Butterfree,Bug,Flying,395,59,55,41,98,70,72,1,False
12,Butterfree,Bug,Flying,395,69,40,49,84,80,73,1,False
142,AerodactylMega Aerodactyl,Rock,Flying,615,86,134,89,62,104,140,1,False
81,Magnemite,Electric,Steel,325,27,34,72,92,62,38,1,False
70,Weepinbell,Grass,Poison,390,54,87,59,80,53,57,1,False
40,Wigglytuff,Normal,Fairy,435,141,76,55,78,47,38,1,False
122,Mr. Mime,Psychic,Fairy,460,47,52,60,94,112,95,1,False
142,Aerodactyl,Rock,Flying,515,85,110,56,54,82,128,1,False
43,Oddish,Grass,Poison,320,40,58,47,74,65,36,1,False
1,Bulbasaur,Grass,Poison,318,56,56,46,57,45,58,1,False
131,Lapras,Water,Ice,535,132,79,92,85,90,57,1,False
124,Jynx,Ice,Psychic,455,70,54,34,118,82,97,1,False
16,Pidgey,Normal,Flying,251,44,54,45,28,33,47,1,False
80,Slowbro,Water,Psychic,490,90,85,116,96,72,31,1,False
75,Graveler,Rock,Ground,390,54,95,112,49,37,43,1,False
69,Bellsprout,Grass,Poison,300,48,80,38,62,30,42,1,False
15,Beedrill,Bug,Poison,395,73,91,40,56,70,65,1,False
72,Tentacool,Water,Poison,335,36,39,31,53,96,80,1,False
76,Golem,Rock,Ground,495,73,117,134,55,71,45,1,False
94,Gengar,Ghost,Poison,500,56,69,71,121,69,114,1,False
22,Fearow,Normal,Flying,442,57,102,62,55,59,107,1,False
49,Venomoth,Bug,Poison,450,64,76,54,100,73,83,1,False
1,Bulbasaur,Grass,Poison,318,46,44,51,69,67,41,1,False
87,Dewgong,Water,Ice,475,91,56,85,77,87,79,1,False
12,Butterfree,Bug,Flying,395,61,47,40,93,77,77,1,False
17,Pidgeotto,Normal,Flying,349,59,63,57,47,46,77,1,False
76,Golem,Rock,Ground,495,88,120,135,53,53,46,1,False
79,Slowpoke,Water,Psychic,315,94,66,61,44,40,10,1,False
6,CharizardMega Charizard Y,Fire,Flying,634,83,113,70,152,123,93,1,False
6,CharizardMega Charizard Y,Fire,Flying,634,70,104,74,162,117,107,1,False
122,Mr. Mime,Psychic,Fairy,460,32,53,67,97,116,95,1,False
146,Moltres,Fire,Flying,580,92,99,83,134,92,80,1,True
80,Slowbro,Water,Psychic,490,95,74,116,95,78,32,1,False
142,Aerodactyl,Rock,Flying,515,78,106,59,70,73,129,1,False
112,Rhydon,Ground,Rock,485,103,130,123,45,40,44,1,False
81,Magnemite,Electric,Steel,325,21,27,64,97,61,55,1,False
93,Haunter,Ghost,Poison,405,44,51,50,117,56,87,1,False
83,Farfetch'd,Normal,Flying,352,53,71,42,63,65,58,1,False
80,SlowbroMega Slowbro,Water,Psychic,590,95,73,175,129,80,38,1,False
39,Jigglypuff,Normal,Fairy,270,108,51,26,35,35,15,1,False
139,Omastar,Rock,Water,495,62,55,137,123,71,47,1,False
72,Tentacool,Water,Poison,335,47,39,36,39,104,70,1,False
69,Bellsprout,Grass,Poison,300,57,66,36,65,39,37,1,False
139,Omastar,Rock,Water,495,78,54,118,117,76,52,1,False
62,Poliwrath,Water,Fighting,510,93,97,91,68,84,77,1,False
3,Venusaur,Grass,Poison,525,77,80,89,91,110,78,1,False
31,Nidoqueen,Poison,Ground,505,96,83,80,71,92,83,1,False
49,Venomoth,Bug,Poison,450,70,61,58,99,67,95,1,False
15,Beedrill,Bug,Poison,395,72,83,43,39,80,78,1,False
87,Dewgong,Water,Ice,475,91,65,83,67,106,63,1,False
103,Exeggutor,Grass,Psychic,520,94,91,77,121,75,62,1,False
140,Kabuto,Rock,Water,355,37,77,90,56,49,46,1,False
127,PinsirMega Pinsir,Bug,Flying,600,64,148,117,68,99,104,1,False
92,Gastly,Ghost,Poison,310,23,43,37,95,40,72,1,False
31,Nidoqueen,Poison,Ground,505,91,98,82,67,94,73,1,False
139,Omastar,Rock,Water,495,79,57,121,119,63,56,1,False
21,Spearow,Normal,Flying,262,43,56,31,34,34,64,1,False
141,Kabutops,Rock,Water,495,56,118,102,66,78,75,1,False
39,Jigglypuff,Normal,Fairy,270,120,48,19,39,17,27,1,False
15,BeedrillMega Beedrill,Bug,Poison,495,73,149,36,8,75,154,1,False
71,Victreebel,Grass,Poison,490,88,100,66,109,66,61,1,False
82,Magneton,Electric,Steel,465,55,64,95,111,71,69,1,False
15,Beedrill,Bug,Poison,395,63,93,41,46,76,76,1,False
150,MewtwoMega Mewtwo X,Psychic,Fighting,780,109,187,102,161,89,132,1,True
47,Parasect,Bug,Grass,405,55,96,72,71,83,28,1,False
17,Pidgeotto,Normal,Flying,349,68,62,52,46,47,74,1,False
49,Venomoth,Bug,Poison,450,66,73,57,97,76,81,1,False
76,Golem,Rock,Ground,495,77,115,135,59,71,38,1,False
80,SlowbroMega Slowbro,Water,Psychic,590,98,80,177,133,66,36,1,False
149,Dragonite,Dragon,Flying,600,97,141,88,102,100,72,1,False
34,Nidoking,Poison,Ground,505,86,106,73,87,71,82,1,False
70,Weepinbell,Grass,Poison,390,63,85,53,92,39,58,1,False
122,Mr. Mime,Psychic,Fairy,460,47,44,64,98,118,89,1,False
2,Ivysaur,Grass,Poison,405,55,64,70,89,76,51,1,False
75,Graveler,Rock,Ground,390,62,102,108,39,45,34,1,False
102,Exeggcute,Grass,Psychic,325,63,38,74,63,46,41,1,False
72,Tentacool,Water,Poison,335,40,49,28,56,97,65,1,False
102,Exeggcute,Grass,Psychic,325,62,38,79,51,58,37,1,False
43,Oddish,Grass,Poison,320,33,52,61,82,59,33,1,False
142,Aerodactyl,Rock,Flying,515,84,104,54,55,82,136,1,False
39,Jigglypuff,Normal,Fairy,270,110,45,25,35,33,22,1,False
49,Venomoth,Bug,Poison,450,67,54,56,98,80,95,1,False
6,Charizard,Fire,Flying,534,85,83,74,101,93,98,1,False
124,Jynx,Ice,Psychic,455,55,51,33,117,97,102,1,False
39,Jigglypuff,Normal,Fairy,270,114,42,17,51,31,15,1,False
69,Bellsprout,Grass,Poison,300,55,76,31,77,23,38,1,False
130,GyaradosMega Gyarados,Water,Dark,640,91,155,117,66,132,79,1,False
84,Doduo,Normal,Flying,310,30,82,48,45,35,70,1,False
69,Bellsprout,Grass,Poison,300,59,71,33,76,26,35,1,False
94,GengarMega Gengar,Ghost,Poison,600,63,69,71,165,103,129,1,False
18,PidgeotMega Pidgeot,Normal,Flying,579,90,75,87,126,75,126,1,False
3,Venusaur,Grass,Poison,525,76,88,77,108,93,83,1,False
149,Dragonite,Dragon,Flying,600,85,143,91,92,102,87,1,False
47,Parasect,Bug,Grass,405,55,93,84,66,70,37,1,False
40,Wigglytuff,Normal,Fairy,435,147,65,37,79,53,54,1,False
138,Omanyte,Rock,Water,355,28,42,99,97,52,37,1,False
15,Beedrill,Bug,Poison,395,75,83,37,46,81,73,1,False
42,Golbat,Poison,Flying,455,76,71,76,65,71,96,1,False
103,Exeggutor,Grass,Psychic,520,83,100,80,128,68,61,1,False
131,Lapras,Water,Ice,535,132,87,86,83,96,51,1,False
12,Butterfree,Bug,Flying,395,57,47,54,83,75,79,1,False
84,Doduo,Normal,Flying,310,33,88,47,31,34,77,1,False
150,MewtwoMega Mewtwo X,Psychic,Fighting,780,109,190,106,142,107,126,1,True
39,Jigglypuff,Normal,Fairy,270,115,36,16,52,29,22,1,False
93,Haunter,Ghost,Poison,405,46,54,49,114,52,90,1,False
40,Wigglytuff,Normal,Fairy,435,147,63,41,90,49,45,1,False
94,Gengar,Ghost,Poison,500,62,73,61,120,75,109,1,False
139,Omastar,Rock,Water,495,65,57,123,115,73,62,1,False
40,Wigglytuff,Normal,Fairy,435,147,72,40,87,46,43,1,False
141,Kabutops,Rock,Water,495,57,122,112,59,61,84,1,False
44,Gloom,Grass,Poison,395,66,69,76,84,66,34,1,False
83,Farfetch'd,Normal,Flying,352,58,65,55,57,58,59,1,False
93,Haunter,Ghost,Poison,405,34,56,52,106,61,96,1,False
44,Gloom,Grass,Poison,395,52,68,66,79,80,50,1,False
80,SlowbroMega Slowbro,Water,Psychic,590,100,74,183,123,76,34,1,False
80,SlowbroMega Slowbro,Water,Psychic,590,102,66,187,123,90,22,1,False
62,Poliwrath,Water,Fighting,510,84,102,89,63,99,73,1,False
45,Vileplume,Grass,Poison,490,74,74,86,107,90,59,1,False
18,PidgeotMega Pidgeot,Normal,Flying,579,73,86,85,133,87,115,1,False
124,Jynx,Ice,Psychic,455,58,53,35,115,90,104,1,False
122,Mr. Mime,Psychic,Fairy,460,40,37,61,98,128,96,1,False
71,Victreebel,Grass,Poison,490,89,103,62,101,72,63,1,False
80,Slowbro,Water,Psychic,490,92,74,109,108,75,32,1,False
81,Magnemite,Electric,Steel,325,18,36,71,95,52,53,1,False
112,Rhydon,Ground,Rock,485,103,135,114,42,52,39,1,False
17,Pidgeotto,Normal,Flying,349,62,61,49,50,51,76,1,False
21,Spearow,Normal,Flying,262,42,57,30,29,31,73,1,False
47,Parasect,Bug,Grass,405,69,85,77,60,75,39,1,False
81,Magnemite,Electric,Steel,325,33,26,79,92,53,42,1,False
6,CharizardMega Charizard Y,Fire,Flying,634,85,100,77,164,107,101,1,False
1,Bulbasaur,Grass,Poison,318,50,42,53,56,65,52,1,False
17,Pidgeotto,Normal,Flying,349,64,69,54,43,54,65,1,False
79,Slowpoke,Water,Psychic,315,90,70,73,26,38,18,1,False
22,Fearow,Normal,Flying,442,57,91,58,59,68,109,1,False
85,Dodrio,Normal,Flying,460,50,119,77,59,60,95,1,False
138,Omanyte,Rock,Water,355,33,45,95,94,44,44,1,False
87,Dewgong,Water,Ice,475,92,75,79,59,99,71,1,False
14,Kakuna,Bug,Poison,205,47,21,49,30,21,37,1,False
130,GyaradosMega Gyarados,Water,Dark,640,99,158,117,58,123,85,1,False
85,Dodrio,Normal,Flying,460,46,116,73,58,61,106,1,False
82,Magneton,Electric,Steel,465,42,66,100,120,71,66,1,False
73,Tentacruel,Water,Poison,515,80,62,64,82,121,106,1,False
84,Doduo,Normal,Flying,310,34,79,48,37,43,69,1,False
14,Kakuna,Bug,Poison,205,39,18,43,31,33,41,1,False
112,Rhydon,Ground,Rock,485,109,130,123,43,40,40,1,False
82,Magneton,Electric,Steel,465,58,51,103,130,58,65,1,False
144,Articuno,Ice,Flying,580,92,91,86,98,123,90,1,True
144,Articuno,Ice,Flying,580,89,85,105,96,125,80,1,True
79,Slowpoke,Water,Psychic,315,85,63,63,41,45,18,1,False
18,PidgeotMega Pidgeot,Normal,Flying,579,90,77,75,133,81,123,1,False
40,Wigglytuff,Normal,Fairy,435,134,71,55,87,48,40,1,False
2,Ivysaur,Grass,Poison,405,56,69,58,76,80,66,1,False
43,Oddish,Grass,Poison,320,37,56,55,78,72,22,1,False
142,AerodactylMega Aerodactyl,Rock,Flying,615,86,136,82,67,97,147,1,False
44,Gloom,Grass,Poison,395,57,59,82,80,68,49,1,False
103,Exeggutor,Grass,Psychic,520,96,90,88,116,75,55,1,False
94,GengarMega Gengar,Ghost,Poison,600,54,62,82,166,101,135,1,False
2,Ivysaur,Grass,Poison,405,51,67,62,81,83,61,1,False
103,Exeggutor,Grass,Psychic,520,103,94,91,115,72,45,1,False
6,CharizardMega Charizard X,Fire,Dragon,634,78,127,107,138,89,95,1,False
62,Poliwrath,Water,Fighting,510,84,97,98,72,90,69,1,False
31,Nidoqueen,Poison,Ground,505,79,95,88,78,83,82,1,False
145,Zapdos,Electric,Flying,580,88,88,86,125,91,102,1,True
138,Omanyte,Rock,Water,355,26,36,109,94,49,41,1,False
72,Tentacool,Water,Poison,335,44,33,44,46,104,64,1,False
142,AerodactylMega Aerodactyl,Rock,Flying,615,85,129,86,72,98,145,1,False
141,Kabutops,Rock,Water,495,53,123,109,56,66,88,1,False
76,Golem,Rock,Ground,495,76,121,126,50,70,52,1,False
13,Weedle,Bug,Poison,195,49,35,31,13,17,50,1,False
94,GengarMega Gengar,Ghost,Poison,600,51,72,75,177,90,135,1,False
39,Jigglypuff,Normal,Fairy,270,115,34,18,51,24,28,1,False
34,Nidoking,Poison,Ground,505,73,107,81,84,69,91,1,False
6,Charizard,Fire,Flying,534,74,92,79,113,77,99,1,False
94,Gengar,Ghost,Poison,500,54,60,57,140,73,116,1,False
3,Venusaur,Grass,Poison,525,77,78,93,103,97,77,1,False
150,MewtwoMega Mewtwo X,Psychic,Fighting,780,115,184,106,153,102,120,1,True
112,Rhydon,Ground,Rock,485,108,124,124,55,36,38,1,False
73,Tentacruel,Water,Poison,515,76,68,56,87,130,98,1,False
81,Magnemite,Electric,Steel,325,32,23,79,100,53,38,1,False
47,Parasect,Bug,Grass,405,55,96,85,65,77,27,1,False
71,Victreebel,Grass,Poison,490,77,112,70,102,63,66,1,False
102,Exeggcute,Grass,Psychic,325,66,41,76,55,38,49,1,False
92,Gastly,Ghost,Poison,310,34,43,31,93,24,85,1,False
48,Venonat,Bug,Poison,305,67,49,52,37,62,38,1,False
3,VenusaurMega Venusaur,Grass,Poison,625,80,94,122,126,128,75,1,False
82,Magneton,Electric,Steel,465,44,52,97,127,68,77,1,False
103,Exeggutor,Grass,Psychic,520,90,99,77,116,74,64,1,False
87,Dewgong,Water,Ice,475,92,66,87,65,91,74,1,False
141,Kabutops,Rock,Water,495,58,114,98,72,67,86,1,False
149,Dragonite,Dragon,Flying,600,92,133,88,95,103,89,1,False
127,PinsirMega Pinsir,Bug,Flying,600,57,156,111,72,89,115,1,False
73,Tentacruel,Water,Poison,515,80,70,60,90,124,91,1,False
74,Geodude,Rock,Ground,300,45,83,105,29,22,16,1,False
95,Onix,Rock,Ground,385,31,38,164,35,51,66,1,False
141,Kabutops,Rock,Water,495,59,121,101,73,63,78,1,False
49,Venomoth,Bug,Poison,450,67,64,70,96,68,85,1,False
94,GengarMega Gengar,Ghost,Poison,600,68,59,76,175,99,123,1,False
43,Oddish,Grass,Poison,320,43,52,63,71,63,28,1,False
15,Beedrill,Bug,Poison,395,62,90,44,43,74,82,1,False
42,Golbat,Poison,Flying,455,80,77,71,58,74,95,1,False
17,Pidgeotto,Normal,Flying,349,62,53,51,43,60,80,1,False
6,CharizardMega Charizard Y,Fire,Flying,634,70,108,77,165,112,102,1,False
13,Weedle,Bug,Poison,195,35,34,29,30,21,46,1,False
1,Bulbasaur,Grass,Poison,318,35,54,56,59,72,42,1,False
79,Slowpoke,Water,Psychic,315,79,73,73,38,47,5,1,False
121,Starmie,Water,Psychic,520,63,69,92,104,85,107,1,False
13,Weedle,Bug,Poison,195,42,33,31,24,20,45,1,False
91,Cloyster,Water,Ice,525,43,102,175,80,51,74,1,False
41,Zubat,Poison,Flying,245,41,49,43,33,32,47,1,False
15,BeedrillMega Beedrill,Bug,Poison,495,72,142,33,16,78,154,1,False
81,Magnemite,Electric,Steel,325,19,37,78,93,56,42,1,False
150,MewtwoMega Mewtwo X,Psychic,Fighting,780,104,194,96,147,102,137,1,True
18,Pidgeot,Normal,Flying,479,79,81,69,62,78,110,1,False
130,Gyarados,Water,Flying,540,96,128,82,61,94,79,1,False
95,Onix,Rock,Ground,385,39,43,151,33,56,63,1,False
130,GyaradosMega Gyarados,Water,Dark,640,90,156,101,67,136,90,1,False
142,Aerodactyl,Rock,Flying,515,86,115,58,60,67,129,1,False
150,MewtwoMega Mewtwo X,Psychic,Fighting,780,104,185,93,159,94,145,1,True
83,Farfetch'd,Normal,Flying,352,44,60,54,63,64,67,1,False
112,Rhydon,Ground,Rock,485,109,133,119,37,46,41,1,False
16,Pidgey,Normal,Flying,251,38,48,42,33,29,61,1,False
22,Fearow,Normal,Flying,442,56,91,72,54,65,104,1,False
31,Nidoqueen,Poison,Ground,505,92,85,90,85,77,76,1,False
12,Butterfree,Bug,Flying,395,65,48,43,81,76,82,1,False
39,Jigglypuff,Normal,Fairy,270,113,36,23,46,30,22,1,False
1,Bulbasaur,Grass,Poison,318,48,58,48,66,41,57,1,False
102,Exeggcute,Grass,Psychic,325,70,36,73,57,53,36,1,False
31,Nidoqueen,Poison,Ground,505,95,84,92,75,83,76,1,False
44,Gloom,Grass,Poison,395,62,62,77,83,69,42,1,False
70,Weepinbell,Grass,Poison,390,69,90,57,85,47,42,1,False
130,GyaradosMega Gyarados,Water,Dark,640,90,145,118,78,127,82,1,False
71,Victreebel,Grass,Poison,490,80,97,63,103,77,70,1,False
124,Jynx,Ice,Psychic,455,68,52,36,114,102,83,1,False
15,BeedrillMega Beedrill,Bug,Poison,495,71,146,35,12,82,149,1,False
44,Gloom,Grass,Poison,395,70,59,73,89,71,33,1,False
44,Gloom,Grass,Poison,395,52,69,73,84,68,49,1,False
94,Gengar,Ghost,Poison,500,54,70,67,127,84,98,1,False
92,Gastly,Ghost,Poison,310,37,32,31,108,25,77,1,False
122,Mr. Mime,Psychic,Fairy,460,36,48,67,99,122,88,1,False
69,Bellsprout,Grass,Poison,300,46,85,25,62,38,44,1,False
16,Pidgey,Normal,Flying,251,40,44,37,29,39,62,1,False
44,Gloom,Grass,Poison,395,65,71,70,78,65,46,1,False
41,Zubat,Poison,Flying,245,47,45,43,24,36,50,1,False
15,BeedrillMega Beedrill,Bug,Poison,495,70,152,44,10,80,139,1,False
139,Omastar,Rock,Water,495,69,58,119,113,70,66,1,False
112,Rhydon,Ground,Rock,485,107,142,116,48,40,32,1,False
31,Nidoqueen,Poison,Ground,505,81,99,88,72,78,87,1,False
70,Weepinbell,Grass,Poison,390,58,99,46,90,48,49,1,False
6,CharizardMega Charizard X,Fire,Dragon,634,77,134,107,135,89,92,1,False
13,Weedle,Bug,Poison,195,42,23,32,21,21,56,1,False
83,Farfetch'd,Normal,Flying,352,55,61,54,53,73,56,1,False
15,Beedrill,Bug,Poison,395,66,88,32,44,82,83,1,False
83,Farfetch'd,Normal,Flying,352,51,68,61,52,58,62,1,False
138,Omanyte,Rock,Water,355,26,45,94,80,65,45,1,False
46,Paras,Bug,Grass,285,40,62,57,46,54,26,1,False
72,Tentacool,Water,Poison,335,33,45,38,38,105,76,1,False
141,Kabutops,Rock,Water,495,65,120,94,60,79,77,1,False
73,Tentacruel,Water,Poison,515,80,75,60,73,128,99,1,False
145,Zapdos,Electric,Flying,580,83,98,88,133,81,97,1,True
18,Pidgeot,Normal,Flying,479,77,89,67,80,63,103,1,False
72,Tentacool,Water,Poison,335,50,30,31,56,99,69,1,False
111,Rhyhorn,Ground,Rock,345,75,87,96,27,35,25,1,False
141,Kabutops,Rock,Water,495,51,120,114,70,61,79,1,False
69,Bellsprout,Grass,Poison,300,51,71,30,65,33,50,1,False
80,Slowbro,Water,Psychic,490,103,73,106,94,85,29,1,False
93,Haunter,Ghost,Poison,405,52,55,52,110,43,93,1,False
13,Weedle,Bug,Poison,195,43,39,19,22,19,53,1,False
74,Geodude,Rock,Ground,300,37,84,88,29,35,27,1,False
62,Poliwrath,Water,Fighting,510,97,91,99,64,92,67,1,False
121,Starmie,Water,Psychic,520,63,70,79,103,84,121,1,False
141,Kabutops,Rock,Water,495,69,116,100,64,69,77,1,False
6,CharizardMega Charizard X,Fire,Dragon,634,78,132,104,129,77,114,1,False
103,Exeggutor,Grass,Psychic,520,99,96,78,124,57,66,1,False
103,Exeggutor,Grass,Psychic,520,95,100,77,129,71,48,1,False
121,Starmie,Water,Psychic,520,68,82,82,102,77,109,1,False
138,Omanyte,Rock,Water,355,38,29,94,94,61,39,1,False
47,Parasect,Bug,Grass,405,61,95,72,50,87,40,1,False
70,Weepinbell,Grass,Poison,390,72,96,46,80,36,60,1,False
130,Gyarados,Water,Flying,540,90,134,88,67,90,71,1,False
81,Magnemite,Electric,Steel,325,37,27,69,92,49,51,1,False
130,GyaradosMega Gyarados,Water,Dark,640,94,163,116,69,118,80,1,False
16,Pidgey,Normal,Flying,251,42,59,38,35,27,50,1,False
123,Scyther,Bug,Flying,500,67,110,77,61,74,111,1,False
142,AerodactylMega Aerodactyl,Rock,Flying,615,83,120,91,72,105,144,1,False
94,Gengar,Ghost,Poison,500,56,72,52,134,80,106,1,False
6,CharizardMega Charizard X,Fire,Dragon,634,73,136,116,124,89,96,1,False
2,Ivysaur,Grass,Poison,405,57,58,68,76,89,57,1,False
85,Dodrio,Normal,Flying,460,58,104,76,57,61,104,1,False
73,Tentacruel,Water,Poison,515,83,66,62,74,122,108,1,False
79,Slowpoke,Water,Psychic,315,93,69,70,32,39,12,1,False
18,PidgeotMega Pidgeot,Normal,Flying,579,84,74,82,132,80,127,1,False
94,Gengar,Ghost,Poison,500,56,68,57,139,80,100,1,False
6,Charizard,Fire,Flying,534,81,89,79,102,88,95,1,False
31,Nidoqueen,Poison,Ground,505,89,98,81,69,92,76,1,False
111,Rhyhorn,Ground,Rock,345,90,85,93,26,30,21,1,False
102,Exeggcute,Grass,Psychic,325,70,31,85,68,35,36,1,False
75,Graveler,Rock,Ground,390,49,94,114,42,53,38,1,False
79,Slowpoke,Water,Psychic,315,98,62,72,42,35,6,1,False
122,Mr. Mime,Psychic,Fairy,460,41,44,67,93,118,97,1,False
112,Rhydon,Ground,Rock,485,106,129,121,40,55,34,1,False
18,PidgeotMega Pidgeot,Normal,Flying,579,85,86,77,126,83,122,1,False
94,Gengar,Ghost,Poison,500,59,59,70,134,76,102,1,False
130,GyaradosMega Gyarados,Water,Dark,640,102,162,104,62,129,81,1,False
21,Spearow,Normal,Flying,262,35,67,30,29,33,68,1,False
31,Nidoqueen,Poison,Ground,505,80,95,77,86,89,78,1,False
142,Aerodactyl,Rock,Flying,515,88,109,68,56,66,128,1,False
142,Aerodactyl,Rock,Flying,515,85,114,59,64,70,123,1,False
40,Wigglytuff,Normal,Fairy,435,141,79,51,80,45,39,1,False
130,GyaradosMega Gyarados,Water,Dark,640,99,158,103,63,129,88,1,False
123,Scyther,Bug,Flying,500,65,119,72,53,82,109,1,False
127,PinsirMega Pinsir,Bug,Flying,600,75,163,126,61,80,95,1,False
122,Mr. Mime,Psychic,Fairy,460,44,54,60,91,124,87,1,False
40,Wigglytuff,Normal,Fairy,435,142,70,49,81,42,51,1,False
141,Kabutops,Rock,Water,495,63,113,97,72,73,77,1,False
13,Weedle,Bug,Poison,195,47,42,25,24,14,43,1,False
94,Gengar,Ghost,Poison,500,57,67,56,135,78,107,1,False
93,Haunter,Ghost,Poison,405,43,50,35,122,58,97,1,False
42,Golbat,Poison,Flying,455,75,90,69,64,77,80,1,False
40,Wigglytuff,Normal,Fairy,435,132,82,47,77,50,47,1,False
6,Charizard,Fire,Flying,534,78,76,75,118,81,106,1,False
70,Weepinbell,Grass,Poison,390,65,87,45,77,51,65,1,False
18,PidgeotMega Pidgeot,Normal,Flying,579,83,81,73,131,84,127,1,False
13,Weedle,Bug,Poison,195,49,42,28,13,12,51,1,False
82,Magneton,Electric,Steel,465,52,54,97,123,72,67,1,False
146,Moltres,Fire,Flying,580,83,95,96,128,78,100,1,True
93,Haunter,Ghost,Poison,405,46,43,38,116,65,97,1,False
85,Dodrio,Normal,Flying,460,57,114,80,50,55,104,1,False
12,Butterfree,Bug,Flying,395,68,41,55,81,86,64,1,False
145,Zapdos,Electric,Flying,580,91,95,91,122,86,95,1,True
34,Nidoking,Poison,Ground,505,85,104,79,83,72,82,1,False
3,VenusaurMega Venusaur,Grass,Poison,625,82,110,127,115,119,72,1,False
111,Rhyhorn,Ground,Rock,345,88,81,102,31,26,17,1,False
79,Slowpoke,Water,Psychic,315,102,67,58,32,45,11,1,False
44,Gloom,Grass,Poison,395,63,64,66,83,81,38,1,False
130,GyaradosMega Gyarados,Water,Dark,640,96,151,114,67,126,86,1,False
17,Pidgeotto,Normal,Flying,349,64,57,57,55,48,68,1,False
95,Onix,Rock,Ground,385,31,48,162,30,46,68,1,False
31,Nidoqueen,Poison,Ground,505,95,91,89,77,83,70,1,False
42,Golbat,Poison,Flying,455,85,84,61,68,76,81,1,False
44,Gloom,Grass,Poison,395,68,64,69,85,66,43,1,False
13,Weedle,Bug,Poison,195,33,25,37,23,30,47,1,False
80,SlowbroMega Slowbro,Water,Psychic,590,98,70,176,136,71,39,1,False
49,Venomoth,Bug,Poison,450,63,73,60,96,73,85,1,False
14,Kakuna,Bug,Poison,205,37,23,47,23,34,41,1,False
6,CharizardMega Charizard Y,Fire,Flying,634,85,99,82,158,116,94,1,False
43,Oddish,Grass,Poison,320,43,45,66,77,61,28,1,False
127,PinsirMega Pinsir,Bug,Flying,600,66,159,121,61,88,105,1,False
102,Exeggcute,Grass,Psychic,325,53,47,73,65,38,49,1,False
45,Vileplume,Grass,Poison,490,75,78,80,120,92,45,1,False
92,Gastly,Ghost,Poison,310,33,27,23,103,36,88,1,False
2,Ivysaur,Grass,Poison,405,58,55,64,85,82,61,1,False
138,Omanyte,Rock,Water,355,43,30,105,100,50,27,1,False
41,Zubat,Poison,Flying,245,47,39,33,24,37,65,1,False
150,MewtwoMega Mewtwo X,Psychic,Fighting,780,113,193,103,142,103,126,1,True
15,Beedrill,Bug,Poison,395,60,85,48,47,79,76,1,False
146,Moltres,Fire,Flying,580,85,97,94,127,79,98,1,True
41,Zubat,Poison,Flying,245,39,43,37,35,34,57,1,False
131,Lapras,Water,Ice,535,138,74,68,88,103,64,1,False
149,Dragonite,Dragon,Flying,600,89,142,91,106,94,78,1,False
41,Zubat,Poison,Flying,245,29,52,41,20,41,62,1,False
85,Dodrio,Normal,Flying,460,56,112,77,66,57,92,1,False
76,Golem,Rock,Ground,495,81,118,121,62,75,38,1,False
82,Magneton,Electric,Steel,465,47,70,94,124,63,67,1,False
45,Vileplume,Grass,Poison,490,82,85,78,112,81,52,1,False
6,CharizardMega Charizard X,Fire,Dragon,634,72,137,103,130,94,98,1,False
62,Poliwrath,Water,Fighting,510,85,105,100,66,94,60,1,False
14,Kakuna,Bug,Poison,205,42,20,56,34,22,31,1,False
75,Graveler,Rock,Ground,390,57,85,122,46,52,28,1,False
44,Gloom,Grass,Poison,395,64,64,77,81,74,35,1,False
15,BeedrillMega Beedrill,Bug,Poison,495,64,142,39,18,79,153,1,False
14,Kakuna,Bug,Poison,205,43,35,42,29,23,33,1,False
130,GyaradosMega Gyarados,Water,Dark,640,96,157,107,69,127,84,1,False
1,Bulbasaur,Grass,Poison,318,44,55,40,69,61,49,1,False
124,Jynx,Ice,Psychic,455,66,52,37,117,91,92,1,False
84,Doduo,Normal,Flying,310,41,79,44,42,33,71,1,False
34,Nidoking,Poison,Ground,505,89,106,67,92,69,82,1,False
144,Articuno,Ice,Flying,580,94,82,102,91,125,86,1,True
6,CharizardMega Charizard X,Fire,Dragon,634,76,131,102,129,88,108,1,False
123,Scyther,Bug,Flying,500,73,105,82,48,82,110,1,False
111,Rhyhorn,Ground,Rock,345,87,92,102,27,18,19,1,False
76,Golem,Rock,Ground,495,78,123,131,65,55,43,1,False
85,Dodrio,Normal,Flying,460,64,113,67,55,56,105,1,False
42,Golbat,Poison,Flying,455,72,79,80,71,66,87,1,False
102,Exeggcute,Grass,Psychic,325,53,38,84,61,42,47,1,False
16,Pidgey,Normal,Flying,251,35,40,35,39,37,65,1,False
41,Zubat,Poison,Flying,245,39,50,36,32,42,46,1,False
18,Pidgeot,Normal,Flying,479,86,80,73,69,77,94,1,False
94,GengarMega Gengar,Ghost,Poison,600,66,63,92,164,93,122,1,False
112,Rhydon,Ground,Rock,485,116,128,117,49,38,37,1,False
150,MewtwoMega Mewtwo X,Psychic,Fighting,780,109,197,102,152,96,124,1,True
91,Cloyster,Water,Ice,525,49,99,179,82,41,75,1,False
92,Gastly,Ghost,Poison,310,36,31,39,90,33,81,1,False
142,AerodactylMega Aerodactyl,Rock,Flying,615,75,129,85,67,102,157,1,False
47,Parasect,Bug,Grass,405,52,96,87,51,82,37,1,False
87,Dewgong,Water,Ice,475,86,82,79,68,92,68,1,False
127,PinsirMega Pinsir,Bug,Flying,600,71,151,120,63,84,111,1,False
81,Magnemite,Electric,Steel,325,29,30,72,87,55,52,1,False
6,CharizardMega Charizard X,Fire,Dragon,634,73,131,109,136,89,96,1,False
3,Venusaur,Grass,Poison,525,79,90,86,97,98,75,1,False
94,Gengar,Ghost,Poison,500,59,62,65,137,73,104,1,False
31,Nidoqueen,Poison,Ground,505,97,83,81,69,91,84,1,False
85,Dodrio,Normal,Flying,460,64,104,77,54,52,109,1,False
149,Dragonite,Dragon,Flying,600,91,128,93,102,99,87,1,False
85,Dodrio,Normal,Flying,460,69,108,71,58,52,102,1,False
146,Moltres,Fire,Flying,580,83,98,95,123,87,94,1,True
112,Rhydon,Ground,Rock,485,104,127,132,40,40,42,1,False
15,BeedrillMega Beedrill,Bug,Poison,495,57,145,34,25,79,155,1,False
13,Weedle,Bug,Poison,195,45,41,27,24,17,41,1,False
74,Geodude,Rock,Ground,300,37,84,95,20,35,29,1,False
144,Articuno,Ice,Flying,580,98,91,95,93,119,84,1,True
121,Starmie,Water,Psychic,520,57,70,83,106,93,111,1,False
62,Poliwrath,Water,Fighting,510,94,88,101,69,86,72,1,False
13,Weedle,Bug,Poison,195,42,36,38,10,21,48,1,False
74,Geodude,Rock,Ground,300,35,87,96,25,34,23,1,False
95,Onix,Rock,Ground,385,35,49,163,32,39,67,1,False
102,Exeggcute,Grass,Psychic,325,60,41,86,52,47,39,1,False
145,Zapdos,Electric,Flying,580,82,92,82,129,96,99,1,True
94,GengarMega Gengar,Ghost,Poison,600,59,78,92,160,87,124,1,False
40,Wigglytuff,Normal,Fairy,435,134,68,39,85,62,47,1,False
94,GengarMega Gengar,Ghost,Poison,600,62,62,76,177,94,129,1,False
6,CharizardMega Charizard Y,Fire,Flying,634,88,105,75,159,110,97,1,False
84,Doduo,Normal,Flying,310,38,81,50,34,44,63,1,False
72,Tentacool,Water,Poison,335,38,38,34,55,108,62,1,False
12,Butterfree,Bug,Flying,395,56,37,55,87,90,70,1,False
22,Fearow,Normal,Flying,442,62,99,64,61,61,95,1,False
21,Spearow,Normal,Flying,262,50,59,33,25,29,66,1,False
31,Nidoqueen,Poison,Ground,505,94,88,91,80,87,65,1,False
131,Lapras,Water,Ice,535,132,84,80,89,88,62,1,False
123,Scyther,Bug,Flying,500,77,106,72,60,72,113,1,False
138,Omanyte,Rock,Water,355,34,37,105,96,49,34,1,False
42,Golbat,Poison,Flying,455,78,74,67,60,76,100,1,False
94,GengarMega Gengar,Ghost,Poison,600,67,51,81,173,98,130,1,False
75,Graveler,Rock,Ground,390,59,92,116,49,48,26,1,False
1,Bulbasaur,Grass,Poison,318,47,46,40,62,70,53,1,False
3,Venusaur,Grass,Poison,525,84,75,76,100,104,86,1,False
80,Slowbro,Water,Psychic,490,98,68,118,102,74,30,1,False
18,Pidgeot,Normal,Flying,479,92,71,87,66,62,101,1,False
1,Bulbasaur,Grass,Poison,318,40,44,43,74,62,55,1,False
40,Wigglytuff,Normal,Fairy,435,138,66,38,85,58,50,1,False
48,Venonat,Bug,Poison,305,60,62,39,49,43,52,1,False
70,Weepinbell,Grass,Poison,390,61,86,58,79,41,65,1,False
74,Geodude,Rock,Ground,300,43,80,109,21,28,19,1,False
142,Aerodactyl,Rock,Flying,515,77,108,70,60,72,128,1,False
130,GyaradosMega Gyarados,Water,Dark,640,85,150,108,75,134,88,1,False
92,Gastly,Ghost,Poison,310,29,29,34,100,41,77,1,False
121,Starmie,Water,Psychic,520,59,82,80,95,87,117,1,False
91,Cloyster,Water,Ice,525,45,100,187,77,38,78,1,False
81,Magnemite,Electric,Steel,325,27,32,71,97,54,44,1,False
71,Victreebel,Grass,Poison,490,86,109,72,98,64,61,1,False
127,PinsirMega Pinsir,Bug,Flying,600,66,164,119,63,87,101,1,False
3,Venusaur,Grass,Poison,525,76,73,87,105,110,74,1,False
138,Omanyte,Rock,Water,355,38,35,108,87,52,35,1,False
95,Onix,Rock,Ground,385,31,41,171,32,42,68,1,False
21,Spearow,Normal,Flying,262,42,69,26,33,27,65,1,False
6,CharizardMega Charizard X,Fire,Dragon,634,85,120,117,139,80,93,1,False
91,Cloyster,Water,Ice,525,45,98,183,95,38,66,1,False
127,PinsirMega Pinsir,Bug,Flying,600,58,156,118,67,87,114,1,False
95,Onix,Rock,Ground,385,23,47,154,39,50,72,1,False
76,Golem,Rock,Ground,495,77,115,123,63,64,53,1,False
123,Scyther,Bug,Flying,500,76,108,81,50,84,101,1,False
81,Magnemite,Electric,Steel,325,30,40,72,93,52,38,1,False
112,Rhydon,Ground,Rock,485,98,121,116,57,54,39,1,False
40,Wigglytuff,Normal,Fairy,435,138,69,47,89,48,44,1,False
76,Golem,Rock,Ground,495,73,124,125,62,75,36,1,False
46,Paras,Bug,Grass,285,38,77,51,40,61,18,1,False
46,Paras,Bug,Grass,285,30,63,63,53,59,17,1,False
39,Jigglypuff,Normal,Fairy,270,105,41,22,54,24,24,1,False
15,BeedrillMega Beedrill,Bug,Poison,495,68,154,44,11,79,139,1,False
2,Ivysaur,Grass,Poison,405,71,60,66,84,73,51,1,False
18,Pidgeot,Normal,Flying,479,85,81,75,72,67,99,1,False
21,Spearow,Normal,Flying,262,33,57,25,32,44,71,1,False
31,Nidoqueen,Poison,Ground,505,82,89,82,72,96,84,1,False
3,VenusaurMega Venusaur,Grass,Poison,625,75,101,131,128,116,74,1,False
12,Butterfree,Bug,Flying,395,73,42,49,85,82,64,1,False
94,Gengar,Ghost,Poison,500,57,56,63,138,79,107,1,False
47,Parasect,Bug,Grass,405,62,93,74,59,84,33,1,False
13,Weedle,Bug,Poison,195,46,30,22,23,22,52,1,False
3,VenusaurMega Venusaur,Grass,Poison,625,88,99,131,125,111,71,1,False
111,Rhyhorn,Ground,Rock,345,86,86,103,29,25,16,1,False
48,Venonat,Bug,Poison,305,65,52,51,46,53,38,1,False
122,Mr. Mime,Psychic,Fairy,460,43,52,69,88,122,86,1,False
84,Doduo,Normal,Flying,310,46,82,45,30,36,71,1,False
80,Slowbro,Water,Psychic,490,99,82,108,96,75,30,1,False
91,Cloyster,Water,Ice,525,43,97,182,90,37,76,1,False
140,Kabuto,Rock,Water,355,34,70,84,59,49,59,1,False
21,Spearow,Normal,Flying,262,34,61,32,39,30,66,1,False
121,Starmie,Water,Psychic,520,50,85,79,96,90,120,1,False
3,Venusaur,Grass,Poison,525,73,77,78,103,111,83,1,False
141,Kabutops,Rock,Water,495,57,122,106,59,71,80,1,False
87,Dewgong,Water,Ice,475,93,66,83,72,95,66,1,False
79,Slowpoke,Water,Psychic,315,97,69,67,34,33,15,1,False
14,Kakuna,Bug,Poison,205,47,30,40,31,27,30,1,False
39,Jigglypuff,Normal,Fairy,270,118,48,19,37,18,30,1,False
92,Gastly,Ghost,Poison,310,20,33,32,104,31,90,1,False
3,VenusaurMega Venusaur,Grass,Poison,625,76,96,116,133,131,73,1,False
3,Venusaur,Grass,Poison,525,82,87,82,95,96,83,1,False
122,Mr. Mime,Psychic,Fairy,460,40,44,61,96,128,91,1,False
103,Exeggutor,Grass,Psychic,520,93,83,90,131,64,59,1,False
6,CharizardMega Charizard Y,Fire,Flying,634,89,99,73,159,117,97,1,False
34,Nidoking,Poison,Ground,505,85,99,78,97,67,79,1,False
22,Fearow,Normal,Flying,442,61,97,57,68,61,98,1,False
45,Vileplume,Grass,Poison,490,73,74,81,113,90,59,1,False
6,Charizard,Fire,Flying,534,88,80,75,103,91,97,1,False
93,Haunter,Ghost,Poison,405,42,48,46,114,57,98,1,False
18,PidgeotMega Pidgeot,Normal,Flying,579,81,75,81,144,74,124,1,False
62,Poliwrath,Water,Fighting,510,94,94,97,79,82,64,1,False
149,Dragonite,Dragon,Flying,600,85,142,89,107,98,79,1,False
17,Pidgeotto,Normal,Flying,349,59,53,67,55,50,65,1,False
123,Scyther,Bug,Flying,500,69,114,72,59,82,104,1,False
140,Kabuto,Rock,Water,355,47,81,87,50,43,47,1,False
85,Dodrio,Normal,Flying,460,69,107,64,63,50,107,1,False
15,Beedrill,Bug,Poison,395,63,84,50,47,85,66,1,False
92,Gastly,Ghost,Poison,310,28,32,31,106,36,77,1,False
17,Pidgeotto,Normal,Flying,349,60,57,65,44,59,64,1,False
102,Exeggcute,Grass,Psychic,325,66,33,86,70,37,33,1,False
72,Tentacool,Water,Poison,335,48,36,32,41,106,72,1,False
131,Lapras,Water,Ice,535,125,90,78,82,93,67,1,False
140,Kabuto,Rock,Water,355,34,90,80,47,43,61,1,False
18,PidgeotMega Pidgeot,Normal,Flying,579,83,82,84,131,79,120,1,False
123,Scyther,Bug,Flying,500,62,107,81,60,80,110,1,False
94,Gengar,Ghost,Poison,500,74,67,54,129,71,105,1,False
124,Jynx,Ice,Psychic,455,73,45,31,109,97,100,1,False
87,Dewgong,Water,Ice,475,84,74,79,65,98,75,1,False
93,Haunter,Ghost,Poison,405,39,58,41,118,56,93,1,False
18,Pidgeot,Normal,Flying,479,77,86,69,71,64,112,1,False
16,Pidgey,Normal,Flying,251,34,54,37,30,33,63,1,False
15,Beedrill,Bug,Poison,395,67,96,33,52,73,74,1,False
75,Graveler,Rock,Ground,390,51,93,118,48,42,38,1,False
146,Moltres,Fire,Flying,580,90,102,93,133,81,81,1,True
3,Venusaur,Grass,Poison,525,83,83,81,103,105,70,1,False
141,Kabutops,Rock,Water,495,57,117,113,57,71,80,1,False
127,PinsirMega Pinsir,Bug,Flying,600,58,154,120,76,94,98,1,False
15,BeedrillMega Beedrill,Bug,Poison,495,69,150,40,10,77,149,1,False
84,Doduo,Normal,Flying,310,38,77,59,30,41,65,1,False
146,Moltres,Fire,Flying,580,84,99,87,121,94,95,1,True
1,Bulbasaur,Grass,Poison,318,37,47,58,68,57,51,1,False
84,Doduo,Normal,Flying,310,34,85,48,41,29,73,1,False
74,Geodude,Rock,Ground,300,44,73,97,39,32,15,1,False
15,Beedrill,Bug,Poison,395,71,90,38,48,77,71,1,False
73,Tentacruel,Water,Poison,515,81,75,58,82,125,94,1,False
41,Zubat,Poison,Flying,245,41,53,26,21,44,60,1,False
94,GengarMega Gengar,Ghost,Poison,600,51,72,79,172,94,132,1,False
123,Scyther,Bug,Flying,500,70,119,76,55,79,101,1,False
31,Nidoqueen,Poison,Ground,505,87,100,94,67,82,75,1,False
3,VenusaurMega Venusaur,Grass,Poison,625,83,107,121,123,113,78,1,False
21,Spearow,Normal,Flying,262,40,63,25,27,31,76,1,False
46,Paras,Bug,Grass,285,27,65,55,47,53,38,1,False
15,BeedrillMega Beedrill,Bug,Poison,495,58,156,48,21,77,135,1,False
14,Kakuna,Bug,Poison,205,36,18,56,31,24,40,1,False
43,Oddish,Grass,Poison,320,50,40,47,70,75,38,1,False
62,Poliwrath,Water,Fighting,510,90,97,95,72,84,72,1,False
46,Paras,Bug,Grass,285,33,75,58,43,54,22,1,False
18,Pidgeot,Normal,Flying,479,88,76,80,71,71,93,1,False
71,Victreebel,Grass,Poison,490,78,97,67,99,72,77,1,False
71,Victreebel,Grass,Poison,490,72,106,60,97,86,69,1,False
140,Kabuto,Rock,Water,355,24,87,86,63,39,56,1,False
142,Aerodactyl,Rock,Flying,515,81,95,71,56,81,131,1,False
3,Venusaur,Grass,Poison,525,80,84,78,104,97,82,1,False
85,Dodrio,Normal,Flying,460,54,116,61,61,60,108,1,False
103,Exeggutor,Grass,Psychic,520,94,97,81,128,59,61,1,False
6,CharizardMega Charizard Y,Fire,Flying,634,79,102,71,161,125,96,1,False
41,Zubat,Poison,Flying,245,35,45,36,33,37,59,1,False
41,Zubat,Poison,Flying,245,36,49,45,31,33,51,1,False
70,Weepinbell,Grass,Poison,390,75,84,56,86,39,50,1,False
111,Rhyhorn,Ground,Rock,345,85,74,93,29,38,26,1,False
92,Gastly,Ghost,Poison,310,25,31,43,95,33,83,1,False
39,Jigglypuff,Normal,Fairy,270,125,36,30,36,29,14,1,False
149,Dragonite,Dragon,Flying,600,95,131,103,106,94,71,1,False
131,Lapras,Water,Ice,535,128,85,78,89,99,56,1,False
130,Gyarados,Water,Flying,540,92,115,76,66,105,86,1,False
6,CharizardMega Charizard X,Fire,Dragon,634,82,134,110,128,91,89,1,False
2,Ivysaur,Grass,Poison,405,65,56,63,83,82,56,1,False
146,Moltres,Fire,Flying,580,98,96,88,119,84,95,1,True
127,PinsirMega Pinsir,Bug,Flying,600,58,156,126,60,96,104,1,False
131,Lapras,Water,Ice,535,129,81,79,88,92,66,1,False
84,Doduo,Normal,Flying,310,28,82,43,33,46,78,1,False
85,Dodrio,Normal,Flying,460,63,98,70,66,54,109,1,False
69,Bellsprout,Grass,Poison,300,41,73,35,77,35,39,1,False
111,Rhyhorn,Ground,Rock,345,79,84,90,34,35,23,1,False
139,Omastar,Rock,Water,495,69,62,120,118,72,54,1,False
95,Onix,Rock,Ground,385,38,41,158,23,46,79,1,False
71,Victreebel,Grass,Poison,490,82,115,63,95,71,64,1,False
102,Exeggcute,Grass,Psychic,325,56,47,75,63,40,44,1,False
71,Victreebel,Grass,Poison,490,71,109,72,94,70,74,1,False
42,Golbat,Poison,Flying,455,78,81,77,69,59,91,1,False
122,Mr. Mime,Psychic,Fairy,460,46,44,64,94,124,88,1,False
31,Nidoqueen,Poison,Ground,505,89,100,77,75,84,80,1,False
131,Lapras,Water,Ice,535,130,88,83,80,92,62,1,False
48,Venonat,Bug,Poison,305,63,59,53,39,54,37,1,False
48,Venonat,Bug,Poison,305,65,50,43,50,56,41,1,False
121,Starmie,Water,Psychic,520,58,73,94,103,81,111,1,False
39,Jigglypuff,Normal,Fairy,270,109,47,29,39,24,22,1,False
6,CharizardMega Charizard Y,Fire,Flying,634,87,100,70,170,105,102,1,False
145,Zapdos,Electric,Flying,580,90,87,89,126,85,103,1,True
3,Venusaur,Grass,Poison,525,78,88,82,97,95,85,1,False
15,Beedrill,Bug,Poison,395,70,86,35,47,79,78,1,False
130,GyaradosMega Gyarados,Water,Dark,640,88,158,121,68,125,80,1,False
103,Exeggutor,Grass,Psychic,520,102,99,83,115,68,53,1,False
15,Beedrill,Bug,Poison,395,58,97,49,51,72,68,1,False
84,Doduo,Normal,Flying,310,24,86,49,37,35,79,1,False
149,Dragonite,Dragon,Flying,600,96,140,91,90,108,75,1,False
71,Victreebel,Grass,Poison,490,90,98,58,96,74,74,1,False
2,Ivysaur,Grass,Poison,405,60,56,59,74,85,71,1,False
145,Zapdos,Electric,Flying,580,95,95,79,124,93,94,1,True
130,Gyarados,Water,Flying,540,100,127,76,55,94,88,1,False
43,Oddish,Grass,Poison,320,40,57,50,78,60,35,1,False
72,Tentacool,Water,Poison,335,39,48,28,51,107,62,1,False
103,Exeggutor,Grass,Psychic,520,102,98,78,132,62,48,1,False
87,Dewgong,Water,Ice,475,93,62,77,78,94,71,1,False
31,Nidoqueen,Poison,Ground,505,83,98,78,78,84,84,1,False
16,Pidgey,Normal,Flying,251,49,39,32,32,34,65,1,False
69,Bellsprout,Grass,Poison,300,49,82,41,64,26,38,1,False
76,Golem,Rock,Ground,495,70,130,130,51,73,41,1,False
16,Pidgey,Normal,Flying,251,44,36,35,36,39,61,1,False
75,Graveler,Rock,Ground,390,54,95,116,44,50,31,1,False
123,Scyther,Bug,Flying,500,62,107,81,58,85,107,1,False
150,MewtwoMega Mewtwo X,Psychic,Fighting,780,103,183,99,159,99,137,1,True
75,Graveler,Rock,Ground,390,48,102,117,51,42,30,1,False
1,Bulbasaur,Grass,Poison,318,55,53,58,45,56,51,1,False
48,Venonat,Bug,Poison,305,63,48,42,41,58,53,1,False
138,Omanyte,Rock,Water,355,42,32,106,87,61,27,1,False
72,Tentacool,Water,Poison,335,44,48,33,55,96,59,1,False
127,PinsirMega Pinsir,Bug,Flying,600,56,159,117,69,89,110,1,False
131,Lapras,Water,Ice,535,124,86,88,86,99,52,1,False
102,Exeggcute,Grass,Psychic,325,60,37,76,57,41,54,1,False
39,Jigglypuff,Normal,Fairy,270,116,40,17,58,26,13,1,False
82,Magneton,Electric,Steel,465,57,52,102,110,71,73,1,False
13,Weedle,Bug,Poison,195,48,36,20,20,17,54,1,False
62,Poliwrath,Water,Fighting,510,95,88,95,66,95,71,1,False
45,Vileplume,Grass,Poison,490,78,77,92,119,87,37,1,False
130,GyaradosMega Gyarados,Water,Dark,640,88,150,101,80,136,85,1,False
82,Magneton,Electric,Steel,465,53,52,89,126,68,77,1,False
82,Magneton,Electric,Steel,465,54,68,87,111,71,74,1,False
95,Onix,Rock,Ground,385,40,42,151,40,39,73,1,False
14,Kakuna,Bug,Poison,205,42,31,55,16,29,32,1,False
145,Zapdos,Electric,Flying,580,92,81,85,133,88,101,1,True
75,Graveler,Rock,Ground,390,52,105,119,39,48,27,1,False
22,Fearow,Normal,Flying,442,63,97,71,54,61,96,1,False
111,Rhyhorn,Ground,Rock,345,77,76,105,39,31,17,1,False
42,Golbat,Poison,Flying,455,75,76,69,72,70,93,1,False
81,Magnemite,Electric,Steel,325,33,40,68,89,57,38,1,False
45,Vileplume,Grass,Poison,490,71,79,88,105,87,60,1,False
49,Venomoth,Bug,Poison,450,73,66,58,85,81,87,1,False
44,Gloom,Grass,Poison,395,65,69,71,74,72,44,1,False
6,Charizard,Fire,Flying,534,72,95,85,103,82,97,1,False
142,Aerodactyl,Rock,Flying,515,75,108,68,61,79,124,1,False
39,Jigglypuff,Normal,Fairy,270,121,43,19,42,21,24,1,False
22,Fearow,Normal,Flying,442,64,89,56,70,56,107,1,False
131,Lapras,Water,Ice,535,127,94,72,82,92,68,1,False
45,Vileplume,Grass,Poison,490,79,75,85,105,94,52,1,False
130,Gyarados,Water,Flying,540,100,130,71,49,105,85,1,False
141,Kabutops,Rock,Water,495,66,123,102,59,70,75,1,False
91,Cloyster,Water,Ice,525,51,97,180,84,47,66,1,False
49,Venomoth,Bug,Poison,450,67,73,54,83,83,90,1,False
83,Farfetch'd,Normal,Flying,352,47,64,58,62,65,56,1,False
140,Kabuto,Rock,Water,355,29,80,88,60,39,59,1,False
15,BeedrillMega Beedrill,Bug,Poison,495,77,144,31,5,89,149,1,False
3,VenusaurMega Venusaur,Grass,Poison,625,76,93,117,127,122,90,1,False
44,Gloom,Grass,Poison,395,68,70,74,81,71,31,1,False
1,Bulbasaur,Grass,Poison,318,36,50,50,72,61,49,1,False
73,Tentacruel,Water,Poison,515,84,62,69,72,124,104,1,False
146,Moltres,Fire,Flying,580,94,106,83,121,80,96,1,True
48,Venonat,Bug,Poison,305,67,60,50,41,50,37,1,False
79,Slowpoke,Water,Psychic,315,95,64,67,39,30,20,1,False
121,Starmie,Water,Psychic,520,64,77,83,89,90,117,1,False
3,VenusaurMega Venusaur,Grass,Poison,625,89,93,127,125,120,71,1,False
92,Gastly,Ghost,Poison,310,28,30,30,108,39,75,1,False
84,Doduo,Normal,Flying,310,44,86,29,34,38,79,1,False
43,Oddish,Grass,Poison,320,40,45,62,73,70,30,1,False
15,Beedrill,Bug,Poison,395,61,100,46,44,70,74,1,False
1,Bulbasaur,Grass,Poison,318,50,46,57,52,56,57,1,False
2,Ivysaur,Grass,Poison,405,54,60,70,72,84,65,1,False
144,Articuno,Ice,Flying,580,87,90,98,84,131,90,1,True
21,Spearow,Normal,Flying,262,43,68,22,29,33,67,1,False
41,Zubat,Poison,Flying,245,42,42,33,30,35,63,1,False
85,Dodrio,Normal,Flying,460,64,115,66,64,60,91,1,False
87,Dewgong,Water,Ice,475,88,66,88,69,102,62,1,False
21,Spearow,Normal,Flying,262,50,52,32,28,24,76,1,False
130,GyaradosMega Gyarados,Water,Dark,640,96,155,113,61,136,79,1,False
79,Slowpoke,Water,Psychic,315,84,75,63,40,40,13,1,False
34,Nidoking,Poison,Ground,505,88,95,79,75,76,92,1,False
6,Charizard,Fire,Flying,534,69,89,83,107,81,105,1,False
127,PinsirMega Pinsir,Bug,Flying,600,61,152,126,57,97,107,1,False
146,Moltres,Fire,Flying,580,95,95,98,118,94,80,1,True
62,Poliwrath,Water,Fighting,510,77,100,102,64,92,75,1,False
150,MewtwoMega Mewtwo X,Psychic,Fighting,780,112,196,105,151,99,117,1,True
80,Slowbro,Water,Psychic,490,98,78,101,100,75,38,1,False
83,Farfetch'd,Normal,Flying,352,53,62,51,52,69,65,1,False
95,Onix,Rock,Ground,385,37,43,166,31,41,67,1,False
6,CharizardMega Charizard X,Fire,Dragon,634,86,129,109,130,76,104,1,False
93,Haunter,Ghost,Poison,405,48,55,31,116,56,99,1,False
44,Gloom,Grass,Poison,395,57,68,68,88,75,39,1,False
150,MewtwoMega Mewtwo X,Psychic,Fighting,780,98,183,104,161,109,125,1,True
44,Gloom,Grass,Poison,395,61,55,64,91,83,41,1,False
12,Butterfree,Bug,Flying,395,58,38,62,87,83,67,1,False
142,AerodactylMega Aerodactyl,Rock,Flying,615,88,138,84,75,82,148,1,False
48,Venonat,Bug,Poison,305,63,57,59,33,52,41,1,False
144,Articuno,Ice,Flying,580,88,85,107,94,124,82,1,True
48,Venonat,Bug,Poison,305,66,50,55,44,57,33,1,False
102,Exeggcute,Grass,Psychic,325,58,42,74,51,55,45,1,False
1,Bulbasaur,Grass,Poison,318,48,48,51,38,57,76,1,False
22,Fearow,Normal,Flying,442,59,95,62,72,61,93,1,False
138,Omanyte,Rock,Water,355,42,42,106,78,60,27,1,False
140,Kabuto,Rock,Water,355,31,71,96,59,40,58,1,False
69,Bellsprout,Grass,Poison,300,53,65,32,75,39,36,1,False
42,Golbat,Poison,Flying,455,63,84,71,70,74,93,1,False
34,Nidoking,Poison,Ground,505,86,97,79,88,64,91,1,False
95,Onix,Rock,Ground,385,38,45,160,32,43,67,1,False
82,Magneton,Electric,Steel,465,42,66,87,122,76,72,1,False
47,Parasect,Bug,Grass,405,59,90,91,62,78,25,1,False
18,Pidgeot,Normal,Flying,479,88,80,79,62,76,94,1,False
42,Golbat,Poison,Flying,455,72,79,67,71,75,91,1,False
150,MewtwoMega Mewtwo X,Psychic,Fighting,780,105,188,101,160,107,119,1,True
127,PinsirMega Pinsir,Bug,Flying,600,62,152,125,67,81,113,1,False
142,AerodactylMega Aerodactyl,Rock,Flying,615,85,132,88,73,89,148,1,False
142,AerodactylMega Aerodactyl,Rock,Flying,615,82,126,85,78,97,147,1,False
70,Weepinbell,Grass,Poison,390,64,92,47,73,53,61,1,False
149,Dragonite,Dragon,Flying,600,93,140,89,101,90,87,1,False
146,Moltres,Fire,Flying,580,91,97,96,126,89,81,1,True
131,Lapras,Water,Ice,535,124,80,90,75,102,64,1,False
74,Geodude,Rock,Ground,300,44,79,88,33,31,25,1,False
6,Charizard,Fire,Flying,534,76,79,85,110,84,100,1,False
79,Slowpoke,Water,Psychic,315,92,61,65,34,42,21,1,False
42,Golbat,Poison,Flying,455,75,93,64,60,79,84,1,False
149,Dragonite,Dragon,Flying,600,99,132,85,99,102,83,1,False
87,Dewgong,Water,Ice,475,83,70,88,67,104,63,1,False
102,Exeggcute,Grass,Psychic,325,55,32,86,54,51,47,1,False
144,Articuno,Ice,Flying,580,91,77,97,96,135,84,1,True
76,Golem,Rock,Ground,495,76,118,133,54,64,50,1,False
16,Pidgey,Normal,Flying,251,39,53,44,30,29,56,1,False
94,Gengar,Ghost,Poison,500,64,58,66,135,69,108,1,False
145,Zapdos,Electric,Flying,580,97,96,87,119,86,95,1,True
18,PidgeotMega Pidgeot,Normal,Flying,579,74,81,77,136,88,123,1,False
94,Gengar,Ghost,Poison,500,69,60,56,124,81,110,1,False
39,Jigglypuff,Normal,Fairy,270,127,48,14,43,21,17,1,False
149,Dragonite,Dragon,Flying,600,90,138,93,106,97,76,1,False
111,Rhyhorn,Ground,Rock,345,79,79,100,20,33,34,1,False
142,AerodactylMega Aerodactyl,Rock,Flying,615,89,130,77,63,98,158,1,False
82,Magneton,Electric,Steel,465,43,59,90,125,74,74,1,False
75,Graveler,Rock,Ground,390,52,101,117,45,45,30,1,False
91,Cloyster,Water,Ice,525,48,92,183,88,37,77,1,False
83,Farfetch'd,Normal,Flying,352,56,71,60,57,50,58,1,False
111,Rhyhorn,Ground,Rock,345,83,78,101,30,36,17,1,False
144,Articuno,Ice,Flying,580,92,81,102,95,130,80,1,True
85,Dodrio,Normal,Flying,460,67,108,69,51,66,99,1,False
80,SlowbroMega Slowbro,Water,Psychic,590,103,69,185,128,82,23,1,False
6,CharizardMega Charizard Y,Fire,Flying,634,73,97,77,153,123,111,1,False
70,Weepinbell,Grass,Poison,390,60,88,53,89,51,49,1,False
92,Gastly,Ghost,Poison,310,28,43,29,100,37,73,1,False
150,MewtwoMega Mewtwo X,Psychic,Fighting,780,105,194,95,164,93,129,1,True
139,Omastar,Rock,Water,495,76,64,117,122,62,54,1,False
130,GyaradosMega Gyarados,Water,Dark,640,97,156,103,72,135,77,1,False
82,Magneton,Electric,Steel,465,54,49,97,122,72,71,1,False
140,Kabuto,Rock,Water,355,21,80,83,62,44,65,1,False
16,Pidgey,Normal,Flying,251,42,51,32,37,30,59,1,False
6,CharizardMega Charizard Y,Fire,Flying,634,79,94,84,157,121,99,1,False
80,SlowbroMega Slowbro,Water,Psychic,590,87,84,177,121,85,36,1,False
149,Dragonite,Dragon,Flying,600,82,135,105,98,105,75,1,False
79,Slowpoke,Water,Psychic,315,87,55,70,43,40,20,1,False
149,Dragonite,Dragon,Flying,600,103,127,97,102,95,76,1,False
80,Slowbro,Water,Psychic,490,102,71,110,100,75,32,1,False
73,Tentacruel,Water,Poison,515,87,76,67,72,114,99,1,False
1,Bulbasaur,Grass,Poison,318,42,51,42,76,68,39,1,False
138,Omanyte,Rock,Water,355,32,39,99,93,58,34,1,False
75,Graveler,Rock,Ground,390,46,104,118,49,43,30,1,False
145,Zapdos,Electric,Flying,580,84,83,88,130,97,98,1,True
70,Weepinbell,Grass,Poison,390,65,95,54,80,48,48,1,False
85,Dodrio,Normal,Flying,460,66,100,66,68,60,100,1,False
75,Graveler,Rock,Ground,390,49,101,119,44,52,25,1,False
92,Gastly,Ghost,Poison,310,21,35,36,104,41,73,1,False
12,Butterfree,Bug,Flying,395,62,51,48,87,80,67,1,False
81,Magnemite,Electric,Steel,325,19,47,80,89,50,40,1,False
43,Oddish,Grass,Poison,320,50,52,55,68,67,28,1,False
124,Jynx,Ice,Psychic,455,67,49,38,112,99,90,1,False
103,Exeggutor,Grass,Psychic,520,89,90,88,132,68,53,1,False
94,GengarMega Gengar,Ghost,Poison,600,62,58,73,177,93,137,1,False
70,Weepinbell,Grass,Poison,390,59,91,52,80,43,65,1,False
62,Poliwrath,Water,Fighting,510,80,95,100,63,95,77,1,False
149,Dragonite,Dragon,Flying,600,93,124,102,104,97,80,1,False
76,Golem,Rock,Ground,495,75,120,126,52,70,52,1,False
47,Parasect,Bug,Grass,405,64,90,86,57,73,35,1,False
34,Nidoking,Poison,Ground,505,76,107,74,80,79,89,1,False
142,AerodactylMega Aerodactyl,Rock,Flying,615,76,137,78,78,105,141,1,False
73,Tentacruel,Water,Poison,515,77,77,59,78,114,110,1,False
121,Starmie,Water,Psychic,520,62,78,78,105,86,111,1,False
127,PinsirMega Pinsir,Bug,Flying,600,65,153,116,67,95,104,1,False
122,Mr. Mime,Psychic,Fairy,460,41,45,64,100,115,95,1,False
83,Farfetch'd,Normal,Flying,352,52,61,56,57,58,68,1,False
80,SlowbroMega Slowbro,Water,Psychic,590,99,73,179,139,77,23,1,False
47,Parasect,Bug,Grass,405,68,90,83,53,77,34,1,False
22,Fearow,Normal,Flying,442,65,90,58,59,75,95,1,False
80,Slowbro,Water,Psychic,490,99,73,110,102,85,21,1,False
46,Paras,Bug,Grass,285,34,75,55,39,60,22,1,False
87,Dewgong,Water,Ice,475,80,74,75,74,102,70,1,False
46,Paras,Bug,Grass,285,30,62,61,52,53,27,1,False
15,Beedrill,Bug,Poison,395,64,94,30,36,87,84,1,False
131,Lapras,Water,Ice,535,128,77,81,88,102,59,1,False
15,Beedrill,Bug,Poison,395,57,94,36,44,87,77,1,False
130,GyaradosMega Gyarados,Water,Dark,640,96,145,110,73,136,80,1,False
46,Paras,Bug,Grass,285,27,75,55,48,64,16,1,False
124,Jynx,Ice,Psychic,455,62,53,34,113,102,91,1,False
43,Oddish,Grass,Poison,320,35,57,60,75,64,29,1,False
72,Tentacool,Water,Poison,335,34,34,36,58,102,71,1,False
87,Dewgong,Water,Ice,475,87,65,83,71,98,71,1,False
127,PinsirMega Pinsir,Bug,Flying,600,59,162,119,58,97,105,1,False
80,Slowbro,Water,Psychic,490,96,83,109,95,82,25,1,False
142,Aerodactyl,Rock,Flying,515,85,110,55,65,70,130,1,False
142,AerodactylMega Aerodactyl,Rock,Flying,615,85,139,86,67,97,141,1,False
82,Magneton,Electric,Steel,465,44,63,99,123,64,72,1,False
15,BeedrillMega Beedrill,Bug,Poison,495,66,145,46,10,79,149,1,False
16,Pidgey,Normal,Flying,251,41,44,45,39,27,55,1,False
15,Beedrill,Bug,Poison,395,69,92,33,44,81,76,1,False
123,Scyther,Bug,Flying,500,67,106,89,54,74,110,1,False
70,Weepinbell,Grass,Poison,390,73,83,42,94,53,45,1,False
144,Articuno,Ice,Flying,580,81,94,106,100,119,80,1,True
94,GengarMega Gengar,Ghost,Poison,600,58,59,73,165,104,141,1,False
3,Venusaur,Grass,Poison,525,73,82,82,104,101,83,1,False
95,Onix,Rock,Ground,385,36,49,152,30,44,74,1,False
15,BeedrillMega Beedrill,Bug,Poison,495,71,146,42,23,80,133,1,False
103,Exeggutor,Grass,Psychic,520,104,96,90,126,61,43,1,False
34,Nidoking,Poison,Ground,505,85,96,73,92,78,81,1,False
48,Venonat,Bug,Poison,305,66,50,44,43,62,40,1,False
13,Weedle,Bug,Poison,195,45,32,27,20,21,50,1,False
45,Vileplume,Grass,Poison,490,69,76,87,118,90,50,1,False
18,PidgeotMega Pidgeot,Normal,Flying,579,90,71,84,130,84,120,1,False
44,Gloom,Grass,Poison,395,58,64,70,80,71,52,1,False
92,Gastly,Ghost,Poison,310,25,36,34,105,29,81,1,False
6,Charizard,Fire,Flying,534,84,81,75,99,92,103,1,False
72,Tentacool,Water,Poison,335,45,41,39,53,91,66,1,False
69,Bellsprout,Grass,Poison,300,59,71,29,70,23,48,1,False
121,Starmie,Water,Psychic,520,66,78,78,92,95,111,1,False
46,Paras,Bug,Grass,285,36,73,56,38,55,27,1,False
142,AerodactylMega Aerodactyl,Rock,Flying,615,66,142,94,73,94,146,1,False
73,Tentacruel,Water,Poison,515,67,70,68,78,130,102,1,False
145,Zapdos,Electric,Flying,580,92,97,85,129,83,94,1,True
2,Ivysaur,Grass,Poison,405,58,60,67,88,71,61,1,False
139,Omastar,Rock,Water,495,67,70,119,124,64,51,1,False
121,Starmie,Water,Psychic,520,66,69,86,96,91,112,1,False
130,Gyarados,Water,Flying,540,95,124,69,61,103,88,1,False
94,Gengar,Ghost,Poison,500,48,71,61,120,82,118,1,False
95,Onix,Rock,Ground,385,32,49,151,37,53,63,1,False
102,Exeggcute,Grass,Psychic,325,65,31,82,54,53,40,1,False
95,Onix,Rock,Ground,385,30,51,161,26,45,72,1,False
70,Weepinbell,Grass,Poison,390,75,86,46,91,37,55,1,False
87,Dewgong,Water,Ice,475,96,62,81,71,89,76,1,False
127,PinsirMega Pinsir,Bug,Flying,600,69,147,122,68,83,111,1,False
139,Omastar,Rock,Water,495,70,54,124,118,77,52,1,False
83,Farfetch'd,Normal,Flying,352,48,59,50,64,65,66,1,False
43,Oddish,Grass,Poison,320,40,55,54,89,58,24,1,False
94,Gengar,Ghost,Poison,500,66,55,62,132,80,105,1,False
49,Venomoth,Bug,Poison,450,63,59,69,95,65,99,1,False
18,Pidgeot,Normal,Flying,479,78,75,73,68,78,107,1,False
2,Ivysaur,Grass,Poison,405,56,58,62,82,87,60,1,False
18,PidgeotMega Pidgeot,Normal,Flying,579,89,71,87,132,85,115,1,False
42,Golbat,Poison,Flying,455,77,79,70,65,82,82,1,False
131,Lapras,Water,Ice,535,138,93,69,78,93,64,1,False
69,Bellsprout,Grass,Poison,300,54,71,28,73,36,38,1,False
111,Rhyhorn,Ground,Rock,345,88,82,92,40,22,21,1,False
6,CharizardMega Charizard X,Fire,Dragon,634,69,135,120,123,79,108,1,False
146,Moltres,Fire,Flying,580,90,99,80,127,81,103,1,True
13,Weedle,Bug,Poison,195,31,37,35,27,26,39,1,False
18,Pidgeot,Normal,Flying,479,79,88,77,63,76,96,1,False
75,Graveler,Rock,Ground,390,50,83,121,53,49,34,1,False
142,Aerodactyl,Rock,Flying,515,76,106,72,61,69,131,1,False
49,Venomoth,Bug,Poison,450,75,64,60,82,78,91,1,False
146,Moltres,Fire,Flying,580,84,93,96,134,76,97,1,True
